{"chunk_definitions":[{"row":63,"row_count":1,"visible":true,"expansion_state":0,"options":{"engine":"r","label":"import_SQL_librarys"},"document_id":"F749A0D3","chunk_id":"cff434hpiyfry","chunk_label":"import_SQL_librarys"},{"row":78,"row_count":1,"visible":true,"expansion_state":0,"options":{"engine":"r","label":"database_connection"},"document_id":"F749A0D3","chunk_id":"cwwwm7mdrcslr","chunk_label":"database_connection"},{"row":87,"row_count":1,"visible":true,"expansion_state":0,"options":{"engine":"sql","connection":"con","label":"unnamed-chunk-1"},"document_id":"F749A0D3","chunk_id":"cxgikwbptgmav","chunk_label":"unnamed-chunk-1"},{"row":98,"row_count":1,"visible":true,"expansion_state":0,"options":{"engine":"sql","connection":"con","label":"unnamed-chunk-2"},"document_id":"F749A0D3","chunk_id":"cjaqznvdmkdsf","chunk_label":"unnamed-chunk-2"},{"row":854,"row_count":1,"visible":true,"expansion_state":0,"options":{"engine":"r","label":"impact_avg_score_scatter"},"document_id":"A0C1DFFA","chunk_id":"cxr9qnyqvhkb8","chunk_label":"impact_avg_score_scatter"},{"row":1777,"row_count":1,"visible":true,"expansion_state":0,"options":{"engine":"r","label":"unnamed-chunk-32"},"document_id":"A0C1DFFA","chunk_id":"ciaxqct63bobg","chunk_label":"unnamed-chunk-28"},{"row":1806,"row_count":1,"visible":true,"expansion_state":0,"options":{"engine":"r","label":"created_vetiver_model"},"document_id":"A0C1DFFA","chunk_id":"c92b7ssgy493n","chunk_label":"created_vetiver_model"},{"row":1822,"row_count":1,"visible":true,"expansion_state":0,"options":{"engine":"r","label":"unnamed-chunk-37"},"document_id":"A0C1DFFA","chunk_id":"cabapt451e7cf","chunk_label":"unnamed-chunk-31"},{"row":1812,"row_count":1,"visible":true,"expansion_state":0,"options":{"engine":"r","label":"unnamed-chunk-34"},"document_id":"A0C1DFFA","chunk_id":"c5i6uf87hla80","chunk_label":"unnamed-chunk-29"},{"row":1817,"row_count":1,"visible":true,"expansion_state":0,"options":{"engine":"r","label":"unnamed-chunk-36"},"document_id":"A0C1DFFA","chunk_id":"cebt35iuedyxx","chunk_label":"unnamed-chunk-30"}],"doc_write_time":1682004179,"chunk_rendered_width":400}