{"chunk_definitions":[{"row":1022,"row_count":1,"visible":true,"expansion_state":0,"options":{"engine":"r","label":"juice"},"document_id":"18191A82","chunk_id":"cepwwzolyhrpr","chunk_label":"juice"},{"row":1009,"row_count":1,"visible":true,"expansion_state":0,"options":{"engine":"r","label":"summary_recipe"},"document_id":"18191A82","chunk_id":"c2vrlnr870c5m","chunk_label":"summary_recipe"},{"row":1073,"row_count":1,"visible":true,"expansion_state":0,"options":{"engine":"r","label":"spec_xgboost_1"},"document_id":"3112C307","chunk_id":"c1c1k2dj7knvd","chunk_label":"spec_xgboost_1"},{"row":1083,"row_count":1,"visible":true,"expansion_state":0,"options":{"engine":"r","label":"workflow_xboost_1"},"document_id":"3112C307","chunk_id":"cwu5etd0m0t6p","chunk_label":"workflow_xboost_1"},{"row":1001,"row_count":1,"visible":true,"expansion_state":0,"options":{"engine":"r","label":"pipeline"},"document_id":"3112C307","chunk_id":"c7c0vv9pepgnr","chunk_label":"pipeline"},{"row":988,"row_count":1,"visible":true,"expansion_state":0,"options":{"engine":"r","label":"get_tidy_outliers"},"document_id":"3112C307","chunk_id":"cuh6395veav1r","chunk_label":"get_tidy_outliers"},{"row":937,"row_count":1,"visible":true,"expansion_state":0,"options":{"engine":"r","label":"outlier_detection"},"document_id":"18191A82","chunk_id":"c5tnrludk76kx","chunk_label":"outlier_detection"},{"row":1250,"row_count":1,"visible":true,"expansion_state":0,"options":{"engine":"r","label":"plot_neural_res_1"},"document_id":"3112C307","chunk_id":"cdph0rpc8twyh","chunk_label":"plot_neural_res_1"},{"row":919,"row_count":1,"visible":true,"expansion_state":0,"options":{"engine":"r","label":"missing_values_data"},"document_id":"18191A82","chunk_id":"cyv7tt3d8p0fy","chunk_label":"missing_values_data"},{"row":904,"row_count":1,"visible":true,"expansion_state":0,"options":{"engine":"r","label":"check_class"},"document_id":"18191A82","chunk_id":"c5fofpxbgusoi","chunk_label":"check_class"},{"row":894,"row_count":1,"visible":true,"expansion_state":0,"options":{"engine":"r","label":"visual_inspection"},"document_id":"18191A82","chunk_id":"cpo65gy3i2lyk","chunk_label":"visual_inspection"},{"row":881,"row_count":1,"visible":true,"expansion_state":0,"options":{"engine":"r","label":"correlation_numbers"},"document_id":"18191A82","chunk_id":"cse9odli8vndy","chunk_label":"correlation_numbers"},{"row":862,"row_count":1,"visible":true,"expansion_state":0,"options":{"engine":"r","label":"correlations"},"document_id":"18191A82","chunk_id":"cpoqwsls7x80i","chunk_label":"correlations"},{"row":852,"row_count":1,"visible":true,"expansion_state":0,"options":{"engine":"r","label":"impact_avg_score_scatter"},"document_id":"18191A82","chunk_id":"cl9p7gtobckhg","chunk_label":"impact_avg_score_scatter"},{"row":835,"row_count":1,"visible":true,"expansion_state":0,"options":{"engine":"r","label":"math_avg_score_scatter"},"document_id":"18191A82","chunk_id":"cvut7g6x72r8j","chunk_label":"math_avg_score_scatter"},{"row":813,"row_count":1,"visible":true,"expansion_state":0,"options":{"engine":"r","label":"lunch_test_prep_on_avg_score_dense"},"document_id":"18191A82","chunk_id":"cqg6uy8qey6dg","chunk_label":"lunch_test_prep_on_avg_score_dense"},{"row":791,"row_count":1,"visible":true,"expansion_state":0,"options":{"engine":"r","label":"avg_score_parent_edu_violin_plot"},"document_id":"18191A82","chunk_id":"ceojhsd60cz38","chunk_label":"avg_score_parent_edu_violin_plot"},{"row":770,"row_count":1,"visible":true,"expansion_state":0,"options":{"engine":"r","label":"avg_score_ethnic_group_box_plot"},"document_id":"18191A82","chunk_id":"c1q36432qmkph","chunk_label":"avg_score_ethnic_group_box_plot"},{"row":750,"row_count":1,"visible":true,"expansion_state":0,"options":{"engine":"r","label":"avg_score_gender_histogram2"},"document_id":"18191A82","chunk_id":"caspz3q4vakc6","chunk_label":"avg_score_gender_histogram2"},{"row":734,"row_count":1,"visible":true,"expansion_state":0,"options":{"engine":"r","label":"avg_score_gender_histogram"},"document_id":"18191A82","chunk_id":"cx9pamxx9zqld","chunk_label":"avg_score_gender_histogram"},{"row":705,"row_count":1,"visible":true,"expansion_state":0,"options":{"engine":"r","label":"cat_features_bar_plot"},"document_id":"18191A82","chunk_id":"c0z509zjmoi85","chunk_label":"cat_features_bar_plot"},{"row":686,"row_count":1,"visible":true,"expansion_state":0,"options":{"engine":"r","label":"dense_plot_avg_score"},"document_id":"18191A82","chunk_id":"c9nx49grncmby","chunk_label":"dense_plot_avg_score"},{"row":661,"row_count":1,"visible":true,"expansion_state":0,"options":{"engine":"r","label":"avg_score_test_prep"},"document_id":"18191A82","chunk_id":"cho9ccrihgg0m","chunk_label":"avg_score_test_prep"},{"row":644,"row_count":1,"visible":true,"expansion_state":0,"options":{"engine":"r","label":"avg_score_lunch"},"document_id":"18191A82","chunk_id":"cj1liqslde5g4","chunk_label":"avg_score_lunch"},{"row":605,"row_count":1,"visible":true,"expansion_state":0,"options":{"engine":"r","label":"avg_score_parent_education"},"document_id":"18191A82","chunk_id":"ctdncx6t8uhdc","chunk_label":"avg_score_parent_education"},{"row":588,"row_count":1,"visible":true,"expansion_state":0,"options":{"engine":"r","label":"avg_score_ethic_group"},"document_id":"18191A82","chunk_id":"ckgkz8u6clfvo","chunk_label":"avg_score_ethic_group"},{"row":571,"row_count":1,"visible":true,"expansion_state":0,"options":{"engine":"r","label":"avg_score_gender"},"document_id":"18191A82","chunk_id":"cmq0h43cj8evv","chunk_label":"avg_score_gender"},{"row":550,"row_count":1,"visible":true,"expansion_state":0,"options":{"engine":"r","label":"avg_score_statistics"},"document_id":"18191A82","chunk_id":"c0rqg4ylt3cc6","chunk_label":"avg_score_statistics"},{"row":532,"row_count":1,"visible":true,"expansion_state":0,"options":{"engine":"r","label":"exploration_dataframe"},"document_id":"18191A82","chunk_id":"cy3l9k6gpemk1","chunk_label":"exploration_dataframe"},{"row":520,"row_count":1,"visible":true,"expansion_state":0,"options":{"engine":"r","label":"validation_set"},"document_id":"18191A82","chunk_id":"cpc1qedj7a8j9","chunk_label":"validation_set"},{"row":508,"row_count":1,"visible":true,"expansion_state":0,"options":{"engine":"r","label":"train_test_split"},"document_id":"18191A82","chunk_id":"cbn2gjpvwccky","chunk_label":"train_test_split"},{"row":486,"row_count":1,"visible":true,"expansion_state":0,"options":{"engine":"r","label":"bins_target_variable"},"document_id":"18191A82","chunk_id":"c0sxuwaqdmpcd","chunk_label":"bins_target_variable"},{"row":471,"row_count":1,"visible":true,"expansion_state":0,"options":{"engine":"r","label":"outcome_and_features"},"document_id":"18191A82","chunk_id":"csg3d7qh0094e","chunk_label":"outcome_and_features"},{"row":450,"row_count":1,"visible":true,"expansion_state":0,"options":{"engine":"r","label":"skimr"},"document_id":"18191A82","chunk_id":"cq1z60fq1aymp","chunk_label":"skimr"},{"row":439,"row_count":1,"visible":true,"expansion_state":0,"options":{"engine":"r","label":"new_column_avg_score"},"document_id":"18191A82","chunk_id":"c9iq7g24gc1gb","chunk_label":"new_column_avg_score"},{"row":430,"row_count":1,"visible":true,"expansion_state":0,"options":{"engine":"r","label":"char_to_factor"},"document_id":"18191A82","chunk_id":"ctziqnw48f3hi","chunk_label":"char_to_factor"},{"row":422,"row_count":1,"visible":true,"expansion_state":0,"options":{"engine":"r","label":"levels_test_prep"},"document_id":"18191A82","chunk_id":"cmx5ezvh2h3yi","chunk_label":"levels_test_prep"},{"row":416,"row_count":1,"visible":true,"expansion_state":0,"options":{"engine":"r","label":"levels_lunch"},"document_id":"18191A82","chunk_id":"c4mml9x1l7vqb","chunk_label":"levels_lunch"},{"row":410,"row_count":1,"visible":true,"expansion_state":0,"options":{"engine":"r","label":"levels_parent_education"},"document_id":"18191A82","chunk_id":"ctriz98ubbsh4","chunk_label":"levels_parent_education"},{"row":404,"row_count":1,"visible":true,"expansion_state":0,"options":{"engine":"r","label":"levels_ethnic_group"},"document_id":"18191A82","chunk_id":"cb5dgoaoac3xa","chunk_label":"levels_ethnic_group"},{"row":398,"row_count":1,"visible":true,"expansion_state":0,"options":{"engine":"r","label":"levels_gender"},"document_id":"18191A82","chunk_id":"cngu6vzmk0q6c","chunk_label":"levels_gender"},{"row":386,"row_count":1,"visible":true,"expansion_state":0,"options":{"engine":"r","label":"missing_values_num"},"document_id":"18191A82","chunk_id":"cs6cql8dv201h","chunk_label":"missing_values_num"},{"row":380,"row_count":1,"visible":true,"expansion_state":0,"options":{"engine":"r","label":"missing_values_graphic"},"document_id":"18191A82","chunk_id":"cp1sjmhvtak6f","chunk_label":"missing_values_graphic"},{"row":373,"row_count":1,"visible":true,"expansion_state":0,"options":{"engine":"r","label":"glimpse"},"document_id":"18191A82","chunk_id":"cymevog0dwko0","chunk_label":"glimpse"},{"row":363,"row_count":1,"visible":true,"expansion_state":0,"options":{"engine":"r","label":"rename_columns"},"document_id":"18191A82","chunk_id":"cxcovrcxqlgn4","chunk_label":"rename_columns"},{"row":355,"row_count":1,"visible":true,"expansion_state":0,"options":{"engine":"r","label":"janitor"},"document_id":"18191A82","chunk_id":"cx7g266znhage","chunk_label":"janitor"},{"row":347,"row_count":1,"visible":true,"expansion_state":0,"options":{"engine":"r","label":"first_rows"},"document_id":"18191A82","chunk_id":"cxtz5j0fz2l1s","chunk_label":"first_rows"},{"row":335,"row_count":1,"visible":true,"expansion_state":0,"options":{"engine":"r","label":"read_csv"},"document_id":"18191A82","chunk_id":"cquevft3hi9sp","chunk_label":"read_csv"},{"row":319,"row_count":1,"visible":true,"expansion_state":0,"options":{"engine":"sql","connection":"con","label":"unnamed-chunk-27"},"document_id":"18191A82","chunk_id":"cfnkv8p1g79vo","chunk_label":"unnamed-chunk-27"},{"row":304,"row_count":1,"visible":true,"expansion_state":0,"options":{"engine":"sql","connection":"con","label":"unnamed-chunk-26"},"document_id":"18191A82","chunk_id":"cc54g3kkjt6g1","chunk_label":"unnamed-chunk-26"},{"row":294,"row_count":1,"visible":true,"expansion_state":0,"options":{"engine":"sql","connection":"con","label":"unnamed-chunk-25"},"document_id":"18191A82","chunk_id":"cbnzq41bmm3yk","chunk_label":"unnamed-chunk-25"},{"row":284,"row_count":1,"visible":true,"expansion_state":0,"options":{"engine":"sql","connection":"con","label":"unnamed-chunk-24"},"document_id":"18191A82","chunk_id":"cki9lfeu7s0q7","chunk_label":"unnamed-chunk-24"},{"row":273,"row_count":1,"visible":true,"expansion_state":0,"options":{"engine":"sql","connection":"con","label":"unnamed-chunk-23"},"document_id":"18191A82","chunk_id":"czes5g8ugn9je","chunk_label":"unnamed-chunk-23"},{"row":262,"row_count":1,"visible":true,"expansion_state":0,"options":{"engine":"sql","connection":"con","label":"unnamed-chunk-22"},"document_id":"18191A82","chunk_id":"cnzmvu5bh4r7m","chunk_label":"unnamed-chunk-22"},{"row":251,"row_count":1,"visible":true,"expansion_state":0,"options":{"engine":"sql","connection":"con","label":"unnamed-chunk-21"},"document_id":"18191A82","chunk_id":"ckul8qvxvma86","chunk_label":"unnamed-chunk-21"},{"row":242,"row_count":1,"visible":true,"expansion_state":0,"options":{"engine":"sql","connection":"con","label":"unnamed-chunk-20"},"document_id":"18191A82","chunk_id":"civldpsna1v4z","chunk_label":"unnamed-chunk-20"},{"row":231,"row_count":1,"visible":true,"expansion_state":0,"options":{"engine":"sql","connection":"con","label":"unnamed-chunk-19"},"document_id":"18191A82","chunk_id":"cck3rpw3s07us","chunk_label":"unnamed-chunk-19"},{"row":221,"row_count":1,"visible":true,"expansion_state":0,"options":{"engine":"sql","connection":"con","label":"unnamed-chunk-18"},"document_id":"18191A82","chunk_id":"cmexwdhtdydt7","chunk_label":"unnamed-chunk-18"},{"row":211,"row_count":1,"visible":true,"expansion_state":0,"options":{"engine":"sql","connection":"con","label":"unnamed-chunk-17"},"document_id":"18191A82","chunk_id":"cikvglzzuuve0","chunk_label":"unnamed-chunk-17"},{"row":200,"row_count":1,"visible":true,"expansion_state":0,"options":{"engine":"sql","connection":"con","label":"unnamed-chunk-16"},"document_id":"18191A82","chunk_id":"c5n77q2q9y1rs","chunk_label":"unnamed-chunk-16"},{"row":191,"row_count":1,"visible":true,"expansion_state":0,"options":{"engine":"sql","connection":"con","label":"unnamed-chunk-15"},"document_id":"18191A82","chunk_id":"ce0nywsanxbb5","chunk_label":"unnamed-chunk-15"},{"row":182,"row_count":1,"visible":true,"expansion_state":0,"options":{"engine":"sql","connection":"con","label":"unnamed-chunk-14"},"document_id":"18191A82","chunk_id":"c7dx10g70mtxg","chunk_label":"unnamed-chunk-14"},{"row":174,"row_count":1,"visible":true,"expansion_state":0,"options":{"engine":"sql","connection":"con","label":"unnamed-chunk-13"},"document_id":"18191A82","chunk_id":"c0a9u0tskaelg","chunk_label":"unnamed-chunk-13"},{"row":166,"row_count":1,"visible":true,"expansion_state":0,"options":{"engine":"sql","connection":"con","label":"unnamed-chunk-12"},"document_id":"18191A82","chunk_id":"cy6bpxyh1xxp7","chunk_label":"unnamed-chunk-12"},{"row":158,"row_count":1,"visible":true,"expansion_state":0,"options":{"engine":"sql","connection":"con","label":"unnamed-chunk-11"},"document_id":"18191A82","chunk_id":"c7moevfr8ixqe","chunk_label":"unnamed-chunk-11"},{"row":147,"row_count":1,"visible":true,"expansion_state":0,"options":{"engine":"sql","connection":"con","label":"unnamed-chunk-10"},"document_id":"18191A82","chunk_id":"c1o2k4fs8bw66","chunk_label":"unnamed-chunk-10"},{"row":139,"row_count":1,"visible":true,"expansion_state":0,"options":{"engine":"sql","connection":"con","label":"unnamed-chunk-9"},"document_id":"18191A82","chunk_id":"ct5uyr99dnsor","chunk_label":"unnamed-chunk-9"},{"row":132,"row_count":1,"visible":true,"expansion_state":0,"options":{"engine":"sql","connection":"con","label":"unnamed-chunk-8"},"document_id":"18191A82","chunk_id":"chmigunnfsefg","chunk_label":"unnamed-chunk-8"},{"row":127,"row_count":1,"visible":true,"expansion_state":0,"options":{"engine":"sql","connection":"con","label":"unnamed-chunk-7"},"document_id":"18191A82","chunk_id":"cu3in93vn75ou","chunk_label":"unnamed-chunk-7"},{"row":122,"row_count":1,"visible":true,"expansion_state":0,"options":{"engine":"sql","connection":"con","label":"unnamed-chunk-6"},"document_id":"18191A82","chunk_id":"c5ae5z58ub55t","chunk_label":"unnamed-chunk-6"},{"row":116,"row_count":1,"visible":true,"expansion_state":0,"options":{"engine":"sql","connection":"con","label":"unnamed-chunk-5"},"document_id":"18191A82","chunk_id":"crv7gmgonr8wh","chunk_label":"unnamed-chunk-5"},{"row":111,"row_count":1,"visible":true,"expansion_state":0,"options":{"engine":"sql","connection":"con","label":"unnamed-chunk-4"},"document_id":"18191A82","chunk_id":"ch909lashavey","chunk_label":"unnamed-chunk-4"},{"row":105,"row_count":1,"visible":true,"expansion_state":0,"options":{"engine":"sql","connection":"con","label":"unnamed-chunk-3"},"document_id":"18191A82","chunk_id":"cupv8gqr1hcod","chunk_label":"unnamed-chunk-3"},{"row":96,"row_count":1,"visible":true,"expansion_state":0,"options":{"engine":"sql","connection":"con","label":"unnamed-chunk-2"},"document_id":"18191A82","chunk_id":"cxusn2dsw22hk","chunk_label":"unnamed-chunk-2"},{"row":85,"row_count":1,"visible":true,"expansion_state":0,"options":{"engine":"sql","connection":"con","label":"unnamed-chunk-1"},"document_id":"18191A82","chunk_id":"ce4gkk7p7pvg7","chunk_label":"unnamed-chunk-1"},{"row":76,"row_count":1,"visible":true,"expansion_state":0,"options":{"engine":"r","label":"database_connection"},"document_id":"18191A82","chunk_id":"ctp1km6sq9rie","chunk_label":"database_connection"},{"row":61,"row_count":1,"visible":true,"expansion_state":0,"options":{"engine":"r","label":"import_SQL_librarys"},"document_id":"18191A82","chunk_id":"ceurmejq5i3fj","chunk_label":"import_SQL_librarys"},{"row":147,"row_count":1,"visible":true,"expansion_state":0,"options":{"engine":"sql","connection":"con","label":"unnamed-chunk-10"},"document_id":"18191A82","chunk_id":"c1o2k4fs8bw66","chunk_label":"unnamed-chunk-10"},{"row":1276,"row_count":1,"visible":true,"expansion_state":1,"options":{"engine":"r","label":"feature_importance"},"document_id":"3112C307","chunk_id":"ckylm4uxicodj","chunk_label":"feature_importance"},{"row":1280,"row_count":1,"visible":true,"expansion_state":0,"options":{"engine":"r","label":"test"},"document_id":"3112C307","chunk_id":"c5953sowh0d0x","chunk_label":"test"}],"doc_write_time":1681129416}