"0",""
"0","ggplot(df_explo, mapping = aes (x=avg_score, fill=lunch)) +"
"0","  geom_density(alpha=0.7) + "
"0","  scale_fill_manual(""Lunch"", values = c(""#339999"", ""#FFFF66""))+"
"0","  facet_wrap(~test_prep, ncol=1)+"
"0","  labs(title = ""Students average performance in exams"", "
"0","       subtitle= ""By type of lunch and if a test preperation course was made"","
"0","       x = ""Average score in exams"","
"0","       y = ""density"") +"
"0","  theme_minimal()+"
"0","  theme (text = element_text(size=8),"
"0","         legend.key.size = unit(5, ""mm""))"
"0",""
