{"chunk_definitions":[{"row":61,"row_count":1,"visible":true,"expansion_state":0,"options":{"engine":"r","label":"import_SQL_librarys"},"document_id":"F749A0D3","chunk_id":"ct7syg3ssoguj","chunk_label":"import_SQL_librarys"},{"row":76,"row_count":1,"visible":true,"expansion_state":0,"options":{"engine":"r","label":"database_connection"},"document_id":"F749A0D3","chunk_id":"c0hvpkp6f29fm","chunk_label":"database_connection"},{"row":85,"row_count":1,"visible":true,"expansion_state":0,"options":{"engine":"sql","connection":"con","label":"unnamed-chunk-28"},"document_id":"F749A0D3","chunk_id":"cjn9xxz5shiip","chunk_label":"unnamed-chunk-1"},{"row":96,"row_count":1,"visible":true,"expansion_state":0,"options":{"engine":"sql","connection":"con","label":"unnamed-chunk-29"},"document_id":"F749A0D3","chunk_id":"cg6osokylsvks","chunk_label":"unnamed-chunk-2"},{"row":105,"row_count":1,"visible":true,"expansion_state":0,"options":{"engine":"sql","connection":"con","label":"unnamed-chunk-30"},"document_id":"F749A0D3","chunk_id":"cgbnc3042ui0h","chunk_label":"unnamed-chunk-3"},{"row":111,"row_count":1,"visible":true,"expansion_state":0,"options":{"engine":"sql","connection":"con","label":"unnamed-chunk-31"},"document_id":"F749A0D3","chunk_id":"cjyt7ibiln72x","chunk_label":"unnamed-chunk-4"},{"row":116,"row_count":1,"visible":true,"expansion_state":0,"options":{"engine":"sql","connection":"con","label":"unnamed-chunk-32"},"document_id":"F749A0D3","chunk_id":"cci7rfk2h9lp9","chunk_label":"unnamed-chunk-5"},{"row":122,"row_count":1,"visible":true,"expansion_state":0,"options":{"engine":"sql","connection":"con","label":"unnamed-chunk-33"},"document_id":"F749A0D3","chunk_id":"cvele23zskldj","chunk_label":"unnamed-chunk-6"},{"row":127,"row_count":1,"visible":true,"expansion_state":0,"options":{"engine":"sql","connection":"con","label":"unnamed-chunk-34"},"document_id":"F749A0D3","chunk_id":"c3raihhh3xiyz","chunk_label":"unnamed-chunk-7"},{"row":132,"row_count":1,"visible":true,"expansion_state":0,"options":{"engine":"sql","connection":"con","label":"unnamed-chunk-35"},"document_id":"F749A0D3","chunk_id":"c1f0atpseqw3m","chunk_label":"unnamed-chunk-8"},{"row":139,"row_count":1,"visible":true,"expansion_state":0,"options":{"engine":"sql","connection":"con","label":"unnamed-chunk-36"},"document_id":"F749A0D3","chunk_id":"c59xbv7te58bg","chunk_label":"unnamed-chunk-9"},{"row":147,"row_count":1,"visible":true,"expansion_state":0,"options":{"engine":"sql","connection":"con","label":"unnamed-chunk-37"},"document_id":"F749A0D3","chunk_id":"chsy03zahfbzf","chunk_label":"unnamed-chunk-10"},{"row":158,"row_count":1,"visible":true,"expansion_state":0,"options":{"engine":"sql","connection":"con","label":"unnamed-chunk-38"},"document_id":"F749A0D3","chunk_id":"c19t8g5dgqs7g","chunk_label":"unnamed-chunk-11"},{"row":166,"row_count":1,"visible":true,"expansion_state":0,"options":{"engine":"sql","connection":"con","label":"unnamed-chunk-39"},"document_id":"F749A0D3","chunk_id":"c55kttqwsa6zi","chunk_label":"unnamed-chunk-12"},{"row":174,"row_count":1,"visible":true,"expansion_state":0,"options":{"engine":"sql","connection":"con","label":"unnamed-chunk-40"},"document_id":"F749A0D3","chunk_id":"cuw1sdwci5nlb","chunk_label":"unnamed-chunk-13"},{"row":182,"row_count":1,"visible":true,"expansion_state":0,"options":{"engine":"sql","connection":"con","label":"unnamed-chunk-41"},"document_id":"F749A0D3","chunk_id":"crx19z7jgmg3j","chunk_label":"unnamed-chunk-14"},{"row":191,"row_count":1,"visible":true,"expansion_state":0,"options":{"engine":"sql","connection":"con","label":"unnamed-chunk-42"},"document_id":"F749A0D3","chunk_id":"c9pok6qxmqgcp","chunk_label":"unnamed-chunk-15"},{"row":200,"row_count":1,"visible":true,"expansion_state":0,"options":{"engine":"sql","connection":"con","label":"unnamed-chunk-43"},"document_id":"F749A0D3","chunk_id":"c8yrujch6rz1h","chunk_label":"unnamed-chunk-16"},{"row":211,"row_count":1,"visible":true,"expansion_state":0,"options":{"engine":"sql","connection":"con","label":"unnamed-chunk-44"},"document_id":"F749A0D3","chunk_id":"ctu5c4bu90ek4","chunk_label":"unnamed-chunk-17"},{"row":221,"row_count":1,"visible":true,"expansion_state":0,"options":{"engine":"sql","connection":"con","label":"unnamed-chunk-45"},"document_id":"F749A0D3","chunk_id":"c3l2wne7ln375","chunk_label":"unnamed-chunk-18"},{"row":231,"row_count":1,"visible":true,"expansion_state":0,"options":{"engine":"sql","connection":"con","label":"unnamed-chunk-46"},"document_id":"F749A0D3","chunk_id":"cqpvkpfrpbxsn","chunk_label":"unnamed-chunk-19"},{"row":242,"row_count":1,"visible":true,"expansion_state":0,"options":{"engine":"sql","connection":"con","label":"unnamed-chunk-47"},"document_id":"F749A0D3","chunk_id":"cykh64d3x42yv","chunk_label":"unnamed-chunk-20"},{"row":251,"row_count":1,"visible":true,"expansion_state":0,"options":{"engine":"sql","connection":"con","label":"unnamed-chunk-48"},"document_id":"F749A0D3","chunk_id":"c063vghznv84q","chunk_label":"unnamed-chunk-21"},{"row":262,"row_count":1,"visible":true,"expansion_state":0,"options":{"engine":"sql","connection":"con","label":"unnamed-chunk-49"},"document_id":"F749A0D3","chunk_id":"cfgtve322zkj7","chunk_label":"unnamed-chunk-22"},{"row":273,"row_count":1,"visible":true,"expansion_state":0,"options":{"engine":"sql","connection":"con","label":"unnamed-chunk-50"},"document_id":"F749A0D3","chunk_id":"c255g4jyn8dk3","chunk_label":"unnamed-chunk-23"},{"row":284,"row_count":1,"visible":true,"expansion_state":0,"options":{"engine":"sql","connection":"con","label":"unnamed-chunk-51"},"document_id":"F749A0D3","chunk_id":"c69wa49fmhdd2","chunk_label":"unnamed-chunk-24"},{"row":294,"row_count":1,"visible":true,"expansion_state":0,"options":{"engine":"sql","connection":"con","label":"unnamed-chunk-52"},"document_id":"F749A0D3","chunk_id":"cdpluthikvm3y","chunk_label":"unnamed-chunk-25"},{"row":304,"row_count":1,"visible":true,"expansion_state":0,"options":{"engine":"sql","connection":"con","label":"unnamed-chunk-53"},"document_id":"F749A0D3","chunk_id":"co7fe4vvqxw72","chunk_label":"unnamed-chunk-26"},{"row":319,"row_count":1,"visible":true,"expansion_state":0,"options":{"engine":"sql","connection":"con","label":"unnamed-chunk-54"},"document_id":"F749A0D3","chunk_id":"c0bewmey7qdvh","chunk_label":"unnamed-chunk-27"},{"row":335,"row_count":1,"visible":true,"expansion_state":0,"options":{"engine":"r","label":"read_csv"},"document_id":"F749A0D3","chunk_id":"ci4rn1j5gvily","chunk_label":"read_csv"},{"row":347,"row_count":1,"visible":true,"expansion_state":0,"options":{"engine":"r","label":"first_rows"},"document_id":"F749A0D3","chunk_id":"ct987u6gepcr4","chunk_label":"first_rows"},{"row":355,"row_count":1,"visible":true,"expansion_state":0,"options":{"engine":"r","label":"janitor"},"document_id":"F749A0D3","chunk_id":"c85v5pxtl5l3x","chunk_label":"janitor"},{"row":363,"row_count":1,"visible":true,"expansion_state":0,"options":{"engine":"r","label":"rename_columns"},"document_id":"F749A0D3","chunk_id":"ctmoc1jqgy3ox","chunk_label":"rename_columns"},{"row":373,"row_count":1,"visible":true,"expansion_state":0,"options":{"engine":"r","label":"glimpse"},"document_id":"F749A0D3","chunk_id":"cm5q1s2wr6k0w","chunk_label":"glimpse"},{"row":380,"row_count":1,"visible":true,"expansion_state":0,"options":{"engine":"r","label":"missing_values_graphic"},"document_id":"F749A0D3","chunk_id":"c2beotnk99tz5","chunk_label":"missing_values_graphic"},{"row":386,"row_count":1,"visible":true,"expansion_state":0,"options":{"engine":"r","label":"missing_values_num"},"document_id":"F749A0D3","chunk_id":"cdma4o45mj1nj","chunk_label":"missing_values_num"},{"row":398,"row_count":1,"visible":true,"expansion_state":0,"options":{"engine":"r","label":"levels_gender"},"document_id":"F749A0D3","chunk_id":"cqsp6rqjlwkcl","chunk_label":"levels_gender"},{"row":404,"row_count":1,"visible":true,"expansion_state":0,"options":{"engine":"r","label":"levels_ethnic_group"},"document_id":"F749A0D3","chunk_id":"ckaqjeu3amdpa","chunk_label":"levels_ethnic_group"},{"row":410,"row_count":1,"visible":true,"expansion_state":0,"options":{"engine":"r","label":"levels_parent_education"},"document_id":"F749A0D3","chunk_id":"cdzy1fy311hhn","chunk_label":"levels_parent_education"},{"row":416,"row_count":1,"visible":true,"expansion_state":0,"options":{"engine":"r","label":"levels_lunch"},"document_id":"F749A0D3","chunk_id":"cjlbx7li81lom","chunk_label":"levels_lunch"},{"row":422,"row_count":1,"visible":true,"expansion_state":0,"options":{"engine":"r","label":"levels_test_prep"},"document_id":"F749A0D3","chunk_id":"ck7cqbp1utu1u","chunk_label":"levels_test_prep"},{"row":430,"row_count":1,"visible":true,"expansion_state":0,"options":{"engine":"r","label":"char_to_factor"},"document_id":"F749A0D3","chunk_id":"cf5hom3hsmo96","chunk_label":"char_to_factor"},{"row":439,"row_count":1,"visible":true,"expansion_state":0,"options":{"engine":"r","label":"new_column_avg_score"},"document_id":"F749A0D3","chunk_id":"c08i4wm2n5v1f","chunk_label":"new_column_avg_score"},{"row":450,"row_count":1,"visible":true,"expansion_state":0,"options":{"engine":"r","label":"skimr"},"document_id":"F749A0D3","chunk_id":"ccds5owpguab7","chunk_label":"skimr"},{"row":471,"row_count":1,"visible":true,"expansion_state":0,"options":{"engine":"r","label":"outcome_and_features"},"document_id":"F749A0D3","chunk_id":"cde2h36jrzp62","chunk_label":"outcome_and_features"},{"row":486,"row_count":1,"visible":true,"expansion_state":0,"options":{"engine":"r","label":"bins_target_variable"},"document_id":"F749A0D3","chunk_id":"cwx3gqyqxag3a","chunk_label":"bins_target_variable"},{"row":508,"row_count":1,"visible":true,"expansion_state":0,"options":{"engine":"r","label":"train_test_split"},"document_id":"F749A0D3","chunk_id":"cnh6dbuzmyja6","chunk_label":"train_test_split"},{"row":522,"row_count":1,"visible":true,"expansion_state":0,"options":{"engine":"r","label":"exploration_dataframe"},"document_id":"F749A0D3","chunk_id":"cvyp4i5n4y93v","chunk_label":"exploration_dataframe"},{"row":540,"row_count":1,"visible":true,"expansion_state":0,"options":{"engine":"r","label":"avg_score_statistics"},"document_id":"F749A0D3","chunk_id":"cp6553dew05e8","chunk_label":"avg_score_statistics"},{"row":561,"row_count":1,"visible":true,"expansion_state":0,"options":{"engine":"r","label":"avg_score_gender"},"document_id":"F749A0D3","chunk_id":"cs89pkjdsx2gg","chunk_label":"avg_score_gender"},{"row":578,"row_count":1,"visible":true,"expansion_state":0,"options":{"engine":"r","label":"avg_score_ethic_group"},"document_id":"F749A0D3","chunk_id":"cfv8yb0y3k3bc","chunk_label":"avg_score_ethic_group"},{"row":595,"row_count":1,"visible":true,"expansion_state":0,"options":{"engine":"r","label":"avg_score_parent_education"},"document_id":"F749A0D3","chunk_id":"cto73mlkkaoha","chunk_label":"avg_score_parent_education"},{"row":634,"row_count":1,"visible":true,"expansion_state":0,"options":{"engine":"r","label":"avg_score_lunch"},"document_id":"F749A0D3","chunk_id":"c9emk6mjylglq","chunk_label":"avg_score_lunch"},{"row":651,"row_count":1,"visible":true,"expansion_state":0,"options":{"engine":"r","label":"avg_score_test_prep"},"document_id":"F749A0D3","chunk_id":"czpmkre963s86","chunk_label":"avg_score_test_prep"},{"row":676,"row_count":1,"visible":true,"expansion_state":0,"options":{"engine":"r","label":"dense_plot_avg_score"},"document_id":"F749A0D3","chunk_id":"cyl1weenbixlm","chunk_label":"dense_plot_avg_score"},{"row":695,"row_count":1,"visible":true,"expansion_state":0,"options":{"engine":"r","label":"cat_features_bar_plot"},"document_id":"F749A0D3","chunk_id":"c990tn9k829xq","chunk_label":"cat_features_bar_plot"},{"row":724,"row_count":1,"visible":true,"expansion_state":0,"options":{"engine":"r","label":"avg_score_gender_histogram"},"document_id":"F749A0D3","chunk_id":"c35ixjp41z26o","chunk_label":"avg_score_gender_histogram"},{"row":740,"row_count":1,"visible":true,"expansion_state":0,"options":{"engine":"r","label":"avg_score_gender_histogram2"},"document_id":"F749A0D3","chunk_id":"cwt11p8h8xckt","chunk_label":"avg_score_gender_histogram2"},{"row":760,"row_count":1,"visible":true,"expansion_state":0,"options":{"engine":"r","label":"avg_score_ethnic_group_box_plot"},"document_id":"F749A0D3","chunk_id":"co383l7whr18k","chunk_label":"avg_score_ethnic_group_box_plot"},{"row":781,"row_count":1,"visible":true,"expansion_state":0,"options":{"engine":"r","label":"avg_score_parent_edu_violin_plot"},"document_id":"F749A0D3","chunk_id":"c71pmvi9oyz4n","chunk_label":"avg_score_parent_edu_violin_plot"},{"row":803,"row_count":1,"visible":true,"expansion_state":0,"options":{"engine":"r","label":"lunch_test_prep_on_avg_score_dense"},"document_id":"F749A0D3","chunk_id":"cpm03822fnf4g","chunk_label":"lunch_test_prep_on_avg_score_dense"},{"row":825,"row_count":1,"visible":true,"expansion_state":0,"options":{"engine":"r","label":"math_avg_score_scatter"},"document_id":"F749A0D3","chunk_id":"cae3vkixqhryn","chunk_label":"math_avg_score_scatter"},{"row":842,"row_count":1,"visible":true,"expansion_state":0,"options":{"engine":"r","label":"impact_avg_score_scatter"},"document_id":"F749A0D3","chunk_id":"ct4whgi1mdw83","chunk_label":"impact_avg_score_scatter"},{"row":852,"row_count":1,"visible":true,"expansion_state":0,"options":{"engine":"r","label":"correlations"},"document_id":"F749A0D3","chunk_id":"c95kicjk4x9tk","chunk_label":"correlations"},{"row":871,"row_count":1,"visible":true,"expansion_state":0,"options":{"engine":"r","label":"correlation_numbers"},"document_id":"F749A0D3","chunk_id":"cijhh36vcycee","chunk_label":"correlation_numbers"},{"row":884,"row_count":1,"visible":true,"expansion_state":0,"options":{"engine":"r","label":"visual_inspection"},"document_id":"F749A0D3","chunk_id":"ctri9k5r0i5tn","chunk_label":"visual_inspection"},{"row":894,"row_count":1,"visible":true,"expansion_state":0,"options":{"engine":"r","label":"check_class"},"document_id":"F749A0D3","chunk_id":"cwuwugp9w3op7","chunk_label":"check_class"},{"row":909,"row_count":1,"visible":true,"expansion_state":0,"options":{"engine":"r","label":"missing_values_data"},"document_id":"F749A0D3","chunk_id":"clsf1d1gn72uf","chunk_label":"missing_values_data"},{"row":927,"row_count":1,"visible":true,"expansion_state":0,"options":{"engine":"r","label":"outlier_detection"},"document_id":"F749A0D3","chunk_id":"ctaiqo8b0qe0q","chunk_label":"outlier_detection"},{"row":978,"row_count":1,"visible":true,"expansion_state":0,"options":{"engine":"r","label":"get_tidy_outliers"},"document_id":"F749A0D3","chunk_id":"czzb22n0jljpe","chunk_label":"get_tidy_outliers"},{"row":991,"row_count":1,"visible":true,"expansion_state":0,"options":{"engine":"r","label":"pipeline"},"document_id":"F749A0D3","chunk_id":"ciyle62qqlvtr","chunk_label":"pipeline"},{"row":999,"row_count":1,"visible":true,"expansion_state":0,"options":{"engine":"r","label":"summary_recipe"},"document_id":"F749A0D3","chunk_id":"c2fokxy4novb1","chunk_label":"summary_recipe"},{"row":1012,"row_count":1,"visible":true,"expansion_state":0,"options":{"engine":"r","label":"juice"},"document_id":"F749A0D3","chunk_id":"c98jl36mv8xfn","chunk_label":"juice"},{"row":1026,"row_count":1,"visible":true,"expansion_state":0,"options":{"engine":"r","label":"validation_set"},"document_id":"F749A0D3","chunk_id":"cu879p46y4emy","chunk_label":"validation_set"},{"row":1075,"row_count":1,"visible":true,"expansion_state":0,"options":{"engine":"r","label":"spec_xgboost_1"},"document_id":"F749A0D3","chunk_id":"cglyrnev7dnyx","chunk_label":"spec_xgboost_1"},{"row":1085,"row_count":1,"visible":true,"expansion_state":0,"options":{"engine":"r","label":"workflow_xboost_1"},"document_id":"F749A0D3","chunk_id":"c1r4f6er1igd4","chunk_label":"workflow_xboost_1"},{"row":1098,"row_count":1,"visible":true,"expansion_state":0,"options":{"engine":"r","label":"spec_lin_reg_1"},"document_id":"F749A0D3","chunk_id":"cvhtvtip03671","chunk_label":"spec_lin_reg_1"},{"row":1108,"row_count":1,"visible":true,"expansion_state":0,"options":{"engine":"r","label":"workflow_lin_reg_1"},"document_id":"F749A0D3","chunk_id":"c5pzpjp1l2j3m","chunk_label":"workflow_lin_reg_1"},{"row":1120,"row_count":1,"visible":true,"expansion_state":0,"options":{"engine":"r","label":"spec_neural_1"},"document_id":"F749A0D3","chunk_id":"cajk3yiiop65t","chunk_label":"spec_neural_1"},{"row":1130,"row_count":1,"visible":true,"expansion_state":0,"options":{"engine":"r","label":"workflow_lin_reg_1"},"document_id":"F749A0D3","chunk_id":"c5fc1zlvl143b","chunk_label":"workflow_neural_1"},{"row":1146,"row_count":1,"visible":true,"expansion_state":0,"options":{"engine":"r","label":"res_xgboost_1"},"document_id":"F749A0D3","chunk_id":"c341o90erlo8l","chunk_label":"res_xgboost_1"},{"row":1152,"row_count":1,"visible":true,"expansion_state":0,"options":{"engine":"r","label":"res_xgboost_cv"},"document_id":"F749A0D3","chunk_id":"c85l26oogeaz4","chunk_label":"res_xgboost_cv"},{"row":1171,"row_count":1,"visible":true,"expansion_state":0,"options":{"engine":"r","label":"plot_xgboost_res_1"},"document_id":"F749A0D3","chunk_id":"cuiafhlbjruzo","chunk_label":"plot_xgboost_res_1"},{"row":1188,"row_count":1,"visible":true,"expansion_state":0,"options":{"engine":"r","label":"res_lin_reg_1"},"document_id":"F749A0D3","chunk_id":"c58xqqpd7qem1","chunk_label":"res_lin_reg_1"},{"row":1194,"row_count":1,"visible":true,"expansion_state":0,"options":{"engine":"r","label":"res_lin_reg_cv"},"document_id":"F749A0D3","chunk_id":"c3cnntp5wng3c","chunk_label":"res_lin_reg_cv"},{"row":1213,"row_count":1,"visible":true,"expansion_state":0,"options":{"engine":"r","label":"plot_lin_reg_res_1"},"document_id":"F749A0D3","chunk_id":"ct7n5e64s0dj3","chunk_label":"plot_lin_reg_res_1"},{"row":1227,"row_count":1,"visible":true,"expansion_state":0,"options":{"engine":"r","label":"res_neural_1"},"document_id":"F749A0D3","chunk_id":"cunz0zkq04d97","chunk_label":"res_neural_1"},{"row":1233,"row_count":1,"visible":true,"expansion_state":0,"options":{"engine":"r","label":"res_xgboost_cv"},"document_id":"F749A0D3","chunk_id":"cpjfx37tzfopb","chunk_label":"res_neural_cv"},{"row":1252,"row_count":1,"visible":true,"expansion_state":0,"options":{"engine":"r","label":"plot_neural_res_1"},"document_id":"F749A0D3","chunk_id":"cpqayxa2kxuku","chunk_label":"plot_neural_res_1"},{"row":1278,"row_count":1,"visible":true,"expansion_state":0,"options":{"engine":"r","label":"feature_importance"},"document_id":"F749A0D3","chunk_id":"csih3qjdfxkqg","chunk_label":"feature_importance_caret"},{"row":1300,"row_count":1,"visible":true,"expansion_state":0,"options":{"engine":"r","label":"forward_selection"},"document_id":"F749A0D3","chunk_id":"cptfhsm7xa9j8","chunk_label":"forward_selection"},{"row":1310,"row_count":1,"visible":true,"expansion_state":0,"options":{"engine":"r","label":"best_tune"},"document_id":"F749A0D3","chunk_id":"c9yenlaualun4","chunk_label":"best_tune"},{"row":1318,"row_count":1,"visible":true,"expansion_state":0,"options":{"engine":"r","label":"summary_feature_selection"},"document_id":"F749A0D3","chunk_id":"cdrjumdgdkmpx","chunk_label":"summary_feature_selection"},{"row":1366,"row_count":1,"visible":true,"expansion_state":0,"options":{"engine":"r","label":"spec_xgboost_2"},"document_id":"F749A0D3","chunk_id":"c7bseofi3cg64","chunk_label":"spec_xgboost_2"}],"doc_write_time":1681552243,"chunk_rendered_width":400}