"0","df_explo %>%"
"0","  summarise("
"0","    min_score = min(avg_score,na.rm =TRUE) # na dependency not needed as no missing values, but it might be that data changes with an updated dataset"
"0","    ,"
"0","    mean_score = mean(avg_score,na.rm =TRUE),"
"0","    med_score = median(avg_score,na.rm =TRUE),"
"0","    std_score = sd(avg_score,na.rm =TRUE),"
"0","    iqr_score = IQR(avg_score,na.rm =TRUE),"
"0","    q1 =quantile(avg_score, probs =0.25,na.rm =TRUE),"
"0","    q3 = quantile(avg_score, probs = 0.75,na.rm =TRUE),"
"0","    max_score = max(avg_score,na.rm =TRUE)"
"0","    "
"0","  )"
