"0","for (i in features){"
"0","  "
"0","  p <- ggplot(df_explo, aes_string(x=i)) +"
"0","  geom_bar(fill=""lightblue"")+"
"0","    labs(title = ""Distibution of levels in the varaibles"", "
"0","       y= ""count"") +"
"0","  theme_minimal()+"
"0","  theme (text = element_text(size=8),"
"0","         legend.key.size = unit(5, ""mm""))"
"0","  "
"0","  plot(p)"
"0","  }"
"2","Warnung: `aes_string()` was deprecated in ggplot2 3.0.0.
Please use tidy evaluation idioms with `aes()`. 
See also `vignette(""ggplot2-in-packages"")` for more information."
