"0",""
"0","prepped_data <- "
"0","  exam_rec %>% # use the recipe object"
"0","  prep() %>% # perform the recipe on training data"
"0","  juice() # extract only the preprocessed dataframe "
"0",""
"0","glimpse(prepped_data)"
"1","Rows: 795"
"1",""
"1","
"
"1","Columns: 13"
"1",""
"1","
"
"1","$ avg_score                          [3m[38;5;246m<dbl>[39m[23m 55.00000, 50.66667, 53.6666…
$ gender_male                        [3m[38;5;246m<dbl>[39m[23m 0, 1, 1, 1, 0, 1, 0, 0, 1, …
$ ethnic_group_group.B               [3m[38;5;246m<dbl>[39m[23m 1, 1, 0, 0, 0, 0, 0, 0, 0, …
$ ethnic_group_group.C               [3m[38;5;246m<dbl>[39m[23m 0, 0, 1, 0, 1, 0, 0, 0, 1, …
$ ethnic_group_group.D               [3m[38;5;246m<dbl>[39m[23m 0, 0, 0, 0, 0, 1, 1, 0, 0, …
$ ethnic_group_group.E               [3m[38;5;246m<dbl>[39m[23m 0, 0, 0, 1, 0, 0, 0, 0, 0, …
$ parent_education_bachelor.s.degree [3m[38;5;246m<dbl>[39m[23m 0, 0, 0, 0, 0, 0, 0, 0, 0, …
$ parent_education_high.school       [3m[38;5;246m<dbl>[39m[23m 0, 0, 0, 0, 0, 1, 0, 0, 0, …
$ parent_education_master.s.degree   [3m[38;5;246m<dbl>[39m[23m 0, 1, 1, 1, 0, 0, 1, 0, 0, …
$ parent_education_some.college      [3m[38;5;246m<dbl>[39m[23m 0, 0, 0, 0, 1, 0, 0, 0, 0, …
$ parent_education_some.high.school  [3m[38;5;246m<dbl>[39m[23m 1, 0, 0, 0, 0, 0, 0, 1, 0, …
$ lunch_standard                     [3m[38;5;246m<dbl>[39m[23m 1, 1, 0, 0, 0, 0, 0, 1, 0, …
$ test_prep_none                     [3m[38;5;246m<dbl>[39m[23m 1, 1, 1, 1, 1, 1, 1, 1, 0, …"
"1",""
"1","
"
