"0","glimpse (exams)"
"1","Rows: 1,000"
"1",""
"1","
"
"1","Columns: 8"
"1",""
"1","
"
"1","$ gender           [3m[38;5;246m<chr>[39m[23m ""female"", ""male"", ""female"", ""m…
$ ethnic_group     [3m[38;5;246m<chr>[39m[23m ""group D"", ""group D"", ""group D…
$ parent_education [3m[38;5;246m<chr>[39m[23m ""some college"", ""associate's d…
$ lunch            [3m[38;5;246m<chr>[39m[23m ""standard"", ""standard"", ""free/…
$ test_prep        [3m[38;5;246m<chr>[39m[23m ""completed"", ""none"", ""none"", ""…
$ math_score       [3m[38;5;246m<dbl>[39m[23m 59, 96, 57, 70, 83, 68, 82, 46…
$ reading_score    [3m[38;5;246m<dbl>[39m[23m 70, 93, 76, 70, 85, 57, 83, 61…
$ writing_score    [3m[38;5;246m<dbl>[39m[23m 78, 87, 77, 63, 86, 54, 80, 58…"
"1",""
"1","
"
