{"chunk_definitions":[{"row":15,"row_count":1,"visible":true,"expansion_state":0,"options":{"engine":"r","label":"load-packages","message":false},"document_id":"7B678E02","chunk_id":"c16v6v9luy93a","chunk_label":"load-packages"},{"row":21,"row_count":1,"visible":true,"expansion_state":0,"options":{"engine":"r","label":"unnamed-chunk-2"},"document_id":"7B678E02","chunk_id":"cevu1q9tqh3jc","chunk_label":"unnamed-chunk-1"},{"row":34,"row_count":1,"visible":true,"expansion_state":0,"options":{"engine":"r","label":"read_data"},"document_id":"7B678E02","chunk_id":"c5a27ve7h5zsm","chunk_label":"read_data"},{"row":47,"row_count":1,"visible":true,"expansion_state":0,"options":{"engine":"r","label":"separate_country_parent"},"document_id":"7B678E02","chunk_id":"cr3fgiu8mp1yu","chunk_label":"separate_country_parent"},{"row":63,"row_count":1,"visible":true,"expansion_state":0,"options":{"engine":"r","label":"define_function"},"document_id":"7B678E02","chunk_id":"cjx0blxy1sd63","chunk_label":"define_function"},{"row":75,"row_count":1,"visible":true,"expansion_state":0,"options":{"engine":"r","label":"convert_to_num"},"document_id":"7B678E02","chunk_id":"cqmtjrx8tbcyv","chunk_label":"convert_to_num"},{"row":81,"row_count":1,"visible":true,"expansion_state":0,"options":{"engine":"r","label":"glimpse"},"document_id":"7B678E02","chunk_id":"cse0dsikdn7od","chunk_label":"glimpse"},{"row":95,"row_count":1,"visible":true,"expansion_state":0,"options":{"engine":"r","label":"line_plot_canada_mexico"},"document_id":"7B678E02","chunk_id":"cxxohiqi7457d","chunk_label":"line_plot_canada_mexico"},{"row":136,"row_count":1,"visible":true,"expansion_state":0,"options":{"engine":"r","label":"recreate_plot"},"document_id":"7B678E02","chunk_id":"c9fcjbjnigvyq","chunk_label":"recreate_plot"}],"doc_write_time":1681491927,"chunk_rendered_width":410}