"0","df %>%"
"0","  filter(country ==""UK"") %>% #filter"
"0","  group_by(year) %>% # group by year"
"0","  summarise( # sum for democrats and republicans"
"0","    Democrat = sum(dems),"
"0","    Republican = sum(repubs)) %>%"
"0","    pivot_longer( # pivot longer the created sums"
"0","    cols = c(Democrat, Republican), "
"0","    names_to = ""party"", "
"0","    values_to = ""amount"""
"0","    ) %>%"
"0","    ggplot(mapping = aes(x = year, y = amount, color = party)) + #define plot "
"0","  geom_line(size=1) + # add line plot  "
"0","  scale_color_manual(values = c(""blue"", ""red"")) + #change republicans to blue and democrats to red"
"0","  scale_y_continuous(labels = label_dollar(scale = 0.000001, suffix = ""M"")) + #scale to amount in million and add the suffix""M"" so that we know it is about millions"
"0","    labs("
"0","    x = ""Year"", #text on x-axis"
"0","    y = ""Amount"", #text on y-axis"
"0","    color = ""Party"", #change text in legend"
"0","    subtitle = ""By party, over time"" # add subtitle"
"0","    )+ "
"0","  theme_minimal() #tested several themes, but this one should fit"
"2","Warnung: Using `size` aesthetic for lines was deprecated in ggplot2 3.4.0.
Please use `linewidth` instead."
