{"chunk_definitions":[{"row":61,"row_count":1,"visible":true,"expansion_state":0,"options":{"engine":"r","label":"import_SQL_librarys"},"document_id":"F749A0D3","chunk_id":"ct7syg3ssoguj","chunk_label":"import_SQL_librarys"},{"row":76,"row_count":1,"visible":true,"expansion_state":0,"options":{"engine":"r","label":"database_connection"},"document_id":"F749A0D3","chunk_id":"c0hvpkp6f29fm","chunk_label":"database_connection"},{"row":85,"row_count":1,"visible":true,"expansion_state":0,"options":{"engine":"sql","connection":"con","label":"unnamed-chunk-28"},"document_id":"F749A0D3","chunk_id":"cjn9xxz5shiip","chunk_label":"unnamed-chunk-1"},{"row":96,"row_count":1,"visible":true,"expansion_state":0,"options":{"engine":"sql","connection":"con","label":"unnamed-chunk-29"},"document_id":"F749A0D3","chunk_id":"cg6osokylsvks","chunk_label":"unnamed-chunk-2"},{"row":105,"row_count":1,"visible":true,"expansion_state":0,"options":{"engine":"sql","connection":"con","label":"unnamed-chunk-30"},"document_id":"F749A0D3","chunk_id":"cgbnc3042ui0h","chunk_label":"unnamed-chunk-3"},{"row":111,"row_count":1,"visible":true,"expansion_state":0,"options":{"engine":"sql","connection":"con","label":"unnamed-chunk-31"},"document_id":"F749A0D3","chunk_id":"cjyt7ibiln72x","chunk_label":"unnamed-chunk-4"}],"doc_write_time":1681552263}