{"chunk_definitions":[{"row":61,"row_count":1,"visible":true,"expansion_state":0,"options":{"engine":"r","label":"import_SQL_librarys"},"document_id":"F749A0D3","chunk_id":"cff434hpiyfry","chunk_label":"import_SQL_librarys"},{"row":76,"row_count":1,"visible":true,"expansion_state":0,"options":{"engine":"r","label":"database_connection"},"document_id":"F749A0D3","chunk_id":"cwwwm7mdrcslr","chunk_label":"database_connection"},{"row":85,"row_count":1,"visible":true,"expansion_state":0,"options":{"engine":"sql","connection":"con","label":"unnamed-chunk-1"},"document_id":"F749A0D3","chunk_id":"cxgikwbptgmav","chunk_label":"unnamed-chunk-1"},{"row":96,"row_count":1,"visible":true,"expansion_state":0,"options":{"engine":"sql","connection":"con","label":"unnamed-chunk-2"},"document_id":"F749A0D3","chunk_id":"cjaqznvdmkdsf","chunk_label":"unnamed-chunk-2"},{"row":105,"row_count":1,"visible":true,"expansion_state":0,"options":{"engine":"sql","connection":"con","label":"unnamed-chunk-3"},"document_id":"F749A0D3","chunk_id":"cyhvkhhtww0hw","chunk_label":"unnamed-chunk-3"},{"row":111,"row_count":1,"visible":true,"expansion_state":0,"options":{"engine":"sql","connection":"con","label":"unnamed-chunk-4"},"document_id":"F749A0D3","chunk_id":"ckg391i7rdlk8","chunk_label":"unnamed-chunk-4"},{"row":116,"row_count":1,"visible":true,"expansion_state":0,"options":{"engine":"sql","connection":"con","label":"unnamed-chunk-5"},"document_id":"F749A0D3","chunk_id":"cjzx7j0a51doq","chunk_label":"unnamed-chunk-5"},{"row":122,"row_count":1,"visible":true,"expansion_state":0,"options":{"engine":"sql","connection":"con","label":"unnamed-chunk-6"},"document_id":"F749A0D3","chunk_id":"cq4k2hrose7pm","chunk_label":"unnamed-chunk-6"},{"row":127,"row_count":1,"visible":true,"expansion_state":0,"options":{"engine":"sql","connection":"con","label":"unnamed-chunk-7"},"document_id":"F749A0D3","chunk_id":"c2l97d5uky77b","chunk_label":"unnamed-chunk-7"},{"row":132,"row_count":1,"visible":true,"expansion_state":0,"options":{"engine":"sql","connection":"con","label":"unnamed-chunk-8"},"document_id":"F749A0D3","chunk_id":"ciiylwghuwg2b","chunk_label":"unnamed-chunk-8"},{"row":139,"row_count":1,"visible":true,"expansion_state":0,"options":{"engine":"sql","connection":"con","label":"unnamed-chunk-9"},"document_id":"F749A0D3","chunk_id":"cq7vy8rwpp0zv","chunk_label":"unnamed-chunk-9"},{"row":147,"row_count":1,"visible":true,"expansion_state":0,"options":{"engine":"sql","connection":"con","label":"unnamed-chunk-10"},"document_id":"F749A0D3","chunk_id":"c9tcsvtgkau1i","chunk_label":"unnamed-chunk-10"},{"row":158,"row_count":1,"visible":true,"expansion_state":0,"options":{"engine":"sql","connection":"con","label":"unnamed-chunk-11"},"document_id":"F749A0D3","chunk_id":"ce9uexgh5dqtz","chunk_label":"unnamed-chunk-11"},{"row":166,"row_count":1,"visible":true,"expansion_state":0,"options":{"engine":"sql","connection":"con","label":"unnamed-chunk-12"},"document_id":"F749A0D3","chunk_id":"ctjplx8nzsqyv","chunk_label":"unnamed-chunk-12"},{"row":174,"row_count":1,"visible":true,"expansion_state":0,"options":{"engine":"sql","connection":"con","label":"unnamed-chunk-13"},"document_id":"F749A0D3","chunk_id":"cfthrlbn91fuj","chunk_label":"unnamed-chunk-13"},{"row":182,"row_count":1,"visible":true,"expansion_state":0,"options":{"engine":"sql","connection":"con","label":"unnamed-chunk-14"},"document_id":"F749A0D3","chunk_id":"c1ywqf6bqv7uq","chunk_label":"unnamed-chunk-14"},{"row":191,"row_count":1,"visible":true,"expansion_state":0,"options":{"engine":"sql","connection":"con","label":"unnamed-chunk-15"},"document_id":"F749A0D3","chunk_id":"ckpys6rdnca2f","chunk_label":"unnamed-chunk-15"},{"row":200,"row_count":1,"visible":true,"expansion_state":0,"options":{"engine":"sql","connection":"con","label":"unnamed-chunk-16"},"document_id":"F749A0D3","chunk_id":"cnuinika5eduf","chunk_label":"unnamed-chunk-16"},{"row":211,"row_count":1,"visible":true,"expansion_state":0,"options":{"engine":"sql","connection":"con","label":"unnamed-chunk-17"},"document_id":"F749A0D3","chunk_id":"c7fiv7l4wzrii","chunk_label":"unnamed-chunk-17"},{"row":221,"row_count":1,"visible":true,"expansion_state":0,"options":{"engine":"sql","connection":"con","label":"unnamed-chunk-18"},"document_id":"F749A0D3","chunk_id":"cmce3zw6l86nh","chunk_label":"unnamed-chunk-18"},{"row":231,"row_count":1,"visible":true,"expansion_state":0,"options":{"engine":"sql","connection":"con","label":"unnamed-chunk-19"},"document_id":"F749A0D3","chunk_id":"cpv5zlv507mjd","chunk_label":"unnamed-chunk-19"},{"row":242,"row_count":1,"visible":true,"expansion_state":0,"options":{"engine":"sql","connection":"con","label":"unnamed-chunk-20"},"document_id":"F749A0D3","chunk_id":"cd52ayaaxvghk","chunk_label":"unnamed-chunk-20"},{"row":251,"row_count":1,"visible":true,"expansion_state":0,"options":{"engine":"sql","connection":"con","label":"unnamed-chunk-21"},"document_id":"F749A0D3","chunk_id":"cgsi4z4jcuv7c","chunk_label":"unnamed-chunk-21"},{"row":262,"row_count":1,"visible":true,"expansion_state":0,"options":{"engine":"sql","connection":"con","label":"unnamed-chunk-22"},"document_id":"F749A0D3","chunk_id":"ckaf5xt50t5l1","chunk_label":"unnamed-chunk-22"},{"row":273,"row_count":1,"visible":true,"expansion_state":0,"options":{"engine":"sql","connection":"con","label":"unnamed-chunk-23"},"document_id":"F749A0D3","chunk_id":"cmog7dtf2762p","chunk_label":"unnamed-chunk-23"},{"row":284,"row_count":1,"visible":true,"expansion_state":0,"options":{"engine":"sql","connection":"con","label":"unnamed-chunk-24"},"document_id":"F749A0D3","chunk_id":"cvok1f1qp06qq","chunk_label":"unnamed-chunk-24"},{"row":294,"row_count":1,"visible":true,"expansion_state":0,"options":{"engine":"sql","connection":"con","label":"unnamed-chunk-25"},"document_id":"F749A0D3","chunk_id":"cii2fcm66lhfj","chunk_label":"unnamed-chunk-25"},{"row":304,"row_count":1,"visible":true,"expansion_state":0,"options":{"engine":"sql","connection":"con","label":"unnamed-chunk-26"},"document_id":"F749A0D3","chunk_id":"cjnslyj9rzwpn","chunk_label":"unnamed-chunk-26"},{"row":319,"row_count":1,"visible":true,"expansion_state":0,"options":{"engine":"sql","connection":"con","label":"unnamed-chunk-27"},"document_id":"F749A0D3","chunk_id":"c834vw4g45df6","chunk_label":"unnamed-chunk-27"},{"row":335,"row_count":1,"visible":true,"expansion_state":0,"options":{"engine":"r","label":"read_csv"},"document_id":"F749A0D3","chunk_id":"cfzon3vq1z4kj","chunk_label":"read_csv"},{"row":347,"row_count":1,"visible":true,"expansion_state":0,"options":{"engine":"r","label":"first_rows"},"document_id":"F749A0D3","chunk_id":"c9iyuwguj2rn7","chunk_label":"first_rows"},{"row":355,"row_count":1,"visible":true,"expansion_state":0,"options":{"engine":"r","label":"janitor"},"document_id":"F749A0D3","chunk_id":"crj1crkzicz6j","chunk_label":"janitor"},{"row":363,"row_count":1,"visible":true,"expansion_state":0,"options":{"engine":"r","label":"rename_columns"},"document_id":"F749A0D3","chunk_id":"cj1s5vlkgvqpb","chunk_label":"rename_columns"},{"row":373,"row_count":1,"visible":true,"expansion_state":0,"options":{"engine":"r","label":"glimpse"},"document_id":"F749A0D3","chunk_id":"ctumeof1nzok2","chunk_label":"glimpse"},{"row":380,"row_count":1,"visible":true,"expansion_state":0,"options":{"engine":"r","label":"missing_values_graphic"},"document_id":"F749A0D3","chunk_id":"caxrdiaq2nj41","chunk_label":"missing_values_graphic"},{"row":386,"row_count":1,"visible":true,"expansion_state":0,"options":{"engine":"r","label":"missing_values_num"},"document_id":"F749A0D3","chunk_id":"c97lzunpoxipb","chunk_label":"missing_values_num"},{"row":398,"row_count":1,"visible":true,"expansion_state":0,"options":{"engine":"r","label":"levels_gender"},"document_id":"F749A0D3","chunk_id":"cseotyhfe7u8b","chunk_label":"levels_gender"},{"row":404,"row_count":1,"visible":true,"expansion_state":0,"options":{"engine":"r","label":"levels_ethnic_group"},"document_id":"F749A0D3","chunk_id":"ci4ory2u5oyqd","chunk_label":"levels_ethnic_group"},{"row":410,"row_count":1,"visible":true,"expansion_state":0,"options":{"engine":"r","label":"levels_parent_education"},"document_id":"F749A0D3","chunk_id":"c9p87rtwtgw5h","chunk_label":"levels_parent_education"},{"row":416,"row_count":1,"visible":true,"expansion_state":0,"options":{"engine":"r","label":"levels_lunch"},"document_id":"F749A0D3","chunk_id":"c6aocydc5i31t","chunk_label":"levels_lunch"},{"row":422,"row_count":1,"visible":true,"expansion_state":0,"options":{"engine":"r","label":"levels_test_prep"},"document_id":"F749A0D3","chunk_id":"c531jyp3ar0zo","chunk_label":"levels_test_prep"},{"row":430,"row_count":1,"visible":true,"expansion_state":0,"options":{"engine":"r","label":"char_to_factor"},"document_id":"F749A0D3","chunk_id":"cgyvzi4s93rjg","chunk_label":"char_to_factor"},{"row":439,"row_count":1,"visible":true,"expansion_state":0,"options":{"engine":"r","label":"new_column_avg_score"},"document_id":"F749A0D3","chunk_id":"c33y2hc2ifhlb","chunk_label":"new_column_avg_score"},{"row":450,"row_count":1,"visible":true,"expansion_state":0,"options":{"engine":"r","label":"skimr"},"document_id":"F749A0D3","chunk_id":"ct3qjipn75o25","chunk_label":"skimr"},{"row":471,"row_count":1,"visible":true,"expansion_state":0,"options":{"engine":"r","label":"outcome_and_features"},"document_id":"F749A0D3","chunk_id":"cb303do39gdsm","chunk_label":"outcome_and_features"},{"row":486,"row_count":1,"visible":true,"expansion_state":0,"options":{"engine":"r","label":"bins_target_variable"},"document_id":"F749A0D3","chunk_id":"c75fc8861q00o","chunk_label":"bins_target_variable"},{"row":508,"row_count":1,"visible":true,"expansion_state":0,"options":{"engine":"r","label":"train_test_split"},"document_id":"F749A0D3","chunk_id":"c5k7sf1j3bg1y","chunk_label":"train_test_split"},{"row":522,"row_count":1,"visible":true,"expansion_state":0,"options":{"engine":"r","label":"exploration_dataframe"},"document_id":"F749A0D3","chunk_id":"cwexztm0lln4c","chunk_label":"exploration_dataframe"},{"row":540,"row_count":1,"visible":true,"expansion_state":0,"options":{"engine":"r","label":"avg_score_statistics"},"document_id":"F749A0D3","chunk_id":"clm0o7ehpjw1m","chunk_label":"avg_score_statistics"},{"row":561,"row_count":1,"visible":true,"expansion_state":0,"options":{"engine":"r","label":"avg_score_gender"},"document_id":"F749A0D3","chunk_id":"cbsllzzvfd89t","chunk_label":"avg_score_gender"},{"row":578,"row_count":1,"visible":true,"expansion_state":0,"options":{"engine":"r","label":"avg_score_ethic_group"},"document_id":"F749A0D3","chunk_id":"ck8c2y0i0rvt1","chunk_label":"avg_score_ethic_group"},{"row":595,"row_count":1,"visible":true,"expansion_state":0,"options":{"engine":"r","label":"avg_score_parent_education"},"document_id":"F749A0D3","chunk_id":"ch2ir3u8c75ye","chunk_label":"avg_score_parent_education"},{"row":634,"row_count":1,"visible":true,"expansion_state":0,"options":{"engine":"r","label":"avg_score_lunch"},"document_id":"F749A0D3","chunk_id":"csh7g1ze4vj5u","chunk_label":"avg_score_lunch"},{"row":651,"row_count":1,"visible":true,"expansion_state":0,"options":{"engine":"r","label":"avg_score_test_prep"},"document_id":"F749A0D3","chunk_id":"ccddl4d0zavh0","chunk_label":"avg_score_test_prep"},{"row":676,"row_count":1,"visible":true,"expansion_state":0,"options":{"engine":"r","label":"dense_plot_avg_score"},"document_id":"F749A0D3","chunk_id":"cig3ocsiker9s","chunk_label":"dense_plot_avg_score"},{"row":695,"row_count":1,"visible":true,"expansion_state":0,"options":{"engine":"r","label":"cat_features_bar_plot"},"document_id":"F749A0D3","chunk_id":"cahn17y991rmp","chunk_label":"cat_features_bar_plot"},{"row":724,"row_count":1,"visible":true,"expansion_state":0,"options":{"engine":"r","label":"avg_score_gender_histogram"},"document_id":"F749A0D3","chunk_id":"cy6omycvmyax3","chunk_label":"avg_score_gender_histogram"},{"row":740,"row_count":1,"visible":true,"expansion_state":0,"options":{"engine":"r","label":"avg_score_gender_histogram2"},"document_id":"F749A0D3","chunk_id":"cyk9s7dbjs6x8","chunk_label":"avg_score_gender_histogram2"},{"row":760,"row_count":1,"visible":true,"expansion_state":0,"options":{"engine":"r","label":"avg_score_ethnic_group_box_plot"},"document_id":"F749A0D3","chunk_id":"c1e5bu99jp1kj","chunk_label":"avg_score_ethnic_group_box_plot"},{"row":781,"row_count":1,"visible":true,"expansion_state":0,"options":{"engine":"r","label":"avg_score_parent_edu_violin_plot"},"document_id":"F749A0D3","chunk_id":"cdf50w1p2gmrw","chunk_label":"avg_score_parent_edu_violin_plot"},{"row":803,"row_count":1,"visible":true,"expansion_state":0,"options":{"engine":"r","label":"lunch_test_prep_on_avg_score_dense"},"document_id":"F749A0D3","chunk_id":"cvb9l4rly3k12","chunk_label":"lunch_test_prep_on_avg_score_dense"},{"row":825,"row_count":1,"visible":true,"expansion_state":0,"options":{"engine":"r","label":"math_avg_score_scatter"},"document_id":"F749A0D3","chunk_id":"cwh86dxk2v6ty","chunk_label":"math_avg_score_scatter"},{"row":842,"row_count":1,"visible":true,"expansion_state":0,"options":{"engine":"r","label":"impact_avg_score_scatter"},"document_id":"F749A0D3","chunk_id":"cocncp7ctikmj","chunk_label":"impact_avg_score_scatter"},{"row":852,"row_count":1,"visible":true,"expansion_state":0,"options":{"engine":"r","label":"correlations"},"document_id":"F749A0D3","chunk_id":"ckgs7vkegm8op","chunk_label":"correlations"},{"row":871,"row_count":1,"visible":true,"expansion_state":0,"options":{"engine":"r","label":"correlation_numbers"},"document_id":"F749A0D3","chunk_id":"cr0lyzc3smera","chunk_label":"correlation_numbers"},{"row":884,"row_count":1,"visible":true,"expansion_state":0,"options":{"engine":"r","label":"visual_inspection"},"document_id":"F749A0D3","chunk_id":"cmmlaiavj4tz4","chunk_label":"visual_inspection"},{"row":894,"row_count":1,"visible":true,"expansion_state":0,"options":{"engine":"r","label":"check_class"},"document_id":"F749A0D3","chunk_id":"cq4vrxr1c9teu","chunk_label":"check_class"},{"row":909,"row_count":1,"visible":true,"expansion_state":0,"options":{"engine":"r","label":"missing_values_data"},"document_id":"F749A0D3","chunk_id":"cf1h469u7lgoc","chunk_label":"missing_values_data"},{"row":927,"row_count":1,"visible":true,"expansion_state":0,"options":{"engine":"r","label":"outlier_detection"},"document_id":"F749A0D3","chunk_id":"cdcrkulviut14","chunk_label":"outlier_detection"},{"row":978,"row_count":1,"visible":true,"expansion_state":0,"options":{"engine":"r","label":"get_tidy_outliers"},"document_id":"F749A0D3","chunk_id":"cwesac95xbhld","chunk_label":"get_tidy_outliers"},{"row":991,"row_count":1,"visible":true,"expansion_state":0,"options":{"engine":"r","label":"pipeline"},"document_id":"F749A0D3","chunk_id":"cev9zaa8724g7","chunk_label":"pipeline"},{"row":999,"row_count":1,"visible":true,"expansion_state":0,"options":{"engine":"r","label":"summary_recipe"},"document_id":"F749A0D3","chunk_id":"c3p0e1sml1hy1","chunk_label":"summary_recipe"},{"row":1012,"row_count":1,"visible":true,"expansion_state":0,"options":{"engine":"r","label":"juice"},"document_id":"F749A0D3","chunk_id":"cbdnkodpxyzof","chunk_label":"juice"},{"row":1026,"row_count":1,"visible":true,"expansion_state":0,"options":{"engine":"r","label":"validation_set"},"document_id":"F749A0D3","chunk_id":"cxgw62txqf0c6","chunk_label":"validation_set"},{"row":1075,"row_count":1,"visible":true,"expansion_state":0,"options":{"engine":"r","label":"spec_xgboost_1"},"document_id":"F749A0D3","chunk_id":"cpv4rtzwkzcgt","chunk_label":"spec_xgboost_1"},{"row":1085,"row_count":1,"visible":true,"expansion_state":0,"options":{"engine":"r","label":"workflow_xboost_1"},"document_id":"F749A0D3","chunk_id":"cdlfgugf6gr5d","chunk_label":"workflow_xboost_1"},{"row":1098,"row_count":1,"visible":true,"expansion_state":0,"options":{"engine":"r","label":"spec_lin_reg_1"},"document_id":"F749A0D3","chunk_id":"csovdbiq0hfkg","chunk_label":"spec_lin_reg_1"},{"row":1108,"row_count":1,"visible":true,"expansion_state":0,"options":{"engine":"r","label":"workflow_lin_reg_1"},"document_id":"F749A0D3","chunk_id":"cdycez6iroxai","chunk_label":"workflow_lin_reg_1"},{"row":1120,"row_count":1,"visible":true,"expansion_state":0,"options":{"engine":"r","label":"spec_neural_1"},"document_id":"F749A0D3","chunk_id":"cmih3sfer3wvk","chunk_label":"spec_neural_1"},{"row":1130,"row_count":1,"visible":true,"expansion_state":0,"options":{"engine":"r","label":"workflow_neural_1"},"document_id":"F749A0D3","chunk_id":"chepqzmay5576","chunk_label":"workflow_neural_1"},{"row":1146,"row_count":1,"visible":true,"expansion_state":0,"options":{"engine":"r","label":"res_xgboost_1"},"document_id":"F749A0D3","chunk_id":"cxcrotigi9ugd","chunk_label":"res_xgboost_1"},{"row":1152,"row_count":1,"visible":true,"expansion_state":0,"options":{"engine":"r","label":"res_xgboost_cv"},"document_id":"F749A0D3","chunk_id":"cmjsz8lkoh8n7","chunk_label":"res_xgboost_cv"},{"row":1171,"row_count":1,"visible":true,"expansion_state":0,"options":{"engine":"r","label":"plot_xgboost_res_1"},"document_id":"F749A0D3","chunk_id":"cxe3tta1c0phn","chunk_label":"plot_xgboost_res_1"},{"row":1188,"row_count":1,"visible":true,"expansion_state":0,"options":{"engine":"r","label":"res_lin_reg_1"},"document_id":"F749A0D3","chunk_id":"cxrvqvhkzy3m4","chunk_label":"res_lin_reg_1"},{"row":1194,"row_count":1,"visible":true,"expansion_state":0,"options":{"engine":"r","label":"res_lin_reg_cv"},"document_id":"F749A0D3","chunk_id":"c50eurnnimhuq","chunk_label":"res_lin_reg_cv"},{"row":1213,"row_count":1,"visible":true,"expansion_state":0,"options":{"engine":"r","label":"plot_lin_reg_res_1"},"document_id":"F749A0D3","chunk_id":"cy4eo6iu4lfby","chunk_label":"plot_lin_reg_res_1"},{"row":1227,"row_count":1,"visible":true,"expansion_state":0,"options":{"engine":"r","label":"res_neural_1"},"document_id":"F749A0D3","chunk_id":"cy4rpjhv13924","chunk_label":"res_neural_1"},{"row":1233,"row_count":1,"visible":true,"expansion_state":0,"options":{"engine":"r","label":"res_neural_cv"},"document_id":"F749A0D3","chunk_id":"c2g6yl289aa05","chunk_label":"res_neural_cv"},{"row":1252,"row_count":1,"visible":true,"expansion_state":0,"options":{"engine":"r","label":"plot_neural_res_1"},"document_id":"F749A0D3","chunk_id":"c11o6t7ir4g5f","chunk_label":"plot_neural_res_1"},{"row":1278,"row_count":1,"visible":true,"expansion_state":0,"options":{"engine":"r","label":"feature_importance_caret"},"document_id":"F749A0D3","chunk_id":"cf6hri3z7z4tm","chunk_label":"feature_importance_caret"},{"row":1300,"row_count":1,"visible":true,"expansion_state":0,"options":{"engine":"r","label":"forward_selection"},"document_id":"F749A0D3","chunk_id":"cajzs9vjm9nqo","chunk_label":"forward_selection"},{"row":1310,"row_count":1,"visible":true,"expansion_state":0,"options":{"engine":"r","label":"best_tune"},"document_id":"F749A0D3","chunk_id":"cqyondh0q86i2","chunk_label":"best_tune"},{"row":1318,"row_count":1,"visible":true,"expansion_state":0,"options":{"engine":"r","label":"summary_feature_selection"},"document_id":"F749A0D3","chunk_id":"coafmy1habmlz","chunk_label":"summary_feature_selection"},{"row":1366,"row_count":1,"visible":true,"expansion_state":0,"options":{"engine":"r","label":"spec_xgboost_2"},"document_id":"F749A0D3","chunk_id":"c6b533zmxsjd9","chunk_label":"spec_xgboost_2"},{"row":1376,"row_count":1,"visible":true,"expansion_state":0,"options":{"engine":"r","label":"workflow_xboost_2"},"document_id":"F749A0D3","chunk_id":"c712yy0zujezy","chunk_label":"workflow_xboost_2"},{"row":1388,"row_count":1,"visible":true,"expansion_state":0,"options":{"engine":"r","label":"res_xgboost_2"},"document_id":"F749A0D3","chunk_id":"cter94rrvw6yf","chunk_label":"res_xgboost_2"},{"row":1411,"row_count":1,"visible":true,"expansion_state":0,"options":{"engine":"r","label":"spec_xgboost_3"},"document_id":"F749A0D3","chunk_id":"cd8usrnfvaomx","chunk_label":"spec_xgboost_3"},{"row":1417,"row_count":1,"visible":true,"expansion_state":0,"options":{"engine":"r","label":"xgboost_tune_spec"},"document_id":"F749A0D3","chunk_id":"c32rf5zsooouk","chunk_label":"xgboost_tune_spec"},{"row":1432,"row_count":1,"visible":true,"expansion_state":0,"options":{"engine":"r","label":"xgboost_grid"},"document_id":"F749A0D3","chunk_id":"ct1b6xfpnbjzw","chunk_label":"xgboost_grid"},{"row":1444,"row_count":1,"visible":true,"expansion_state":0,"options":{"engine":"r","label":"workflow_xboost_3"},"document_id":"F749A0D3","chunk_id":"c54r2uwtc98e4","chunk_label":"workflow_xboost_3"},{"row":1459,"row_count":1,"visible":true,"expansion_state":0,"options":{"engine":"r","label":"res_xgboost_3"},"document_id":"F749A0D3","chunk_id":"cj55atwxja2ll","chunk_label":"res_xgboost_3"},{"row":1466,"row_count":1,"visible":true,"expansion_state":0,"options":{"engine":"r","label":"xgboost_best_5_hyperpara"},"document_id":"F749A0D3","chunk_id":"cvj8o00vho00g","chunk_label":"xgboost_best_5_hyperpara"},{"row":1474,"row_count":1,"visible":true,"expansion_state":0,"options":{"engine":"r","label":"xgboost_best"},"document_id":"F749A0D3","chunk_id":"cotvyqj8urwvw","chunk_label":"xgboost_best"},{"row":1499,"row_count":1,"visible":true,"expansion_state":0,"options":{"engine":"r","label":"spec_lin_reg_2"},"document_id":"F749A0D3","chunk_id":"cwb47ndvobika","chunk_label":"spec_lin_reg_2"},{"row":1509,"row_count":1,"visible":true,"expansion_state":0,"options":{"engine":"r","label":"workflow_lin_reg_2"},"document_id":"F749A0D3","chunk_id":"cmaglx4jyk5qg","chunk_label":"workflow_lin_reg_2"},{"row":1521,"row_count":1,"visible":true,"expansion_state":0,"options":{"engine":"r","label":"res_lin_reg_2"},"document_id":"F749A0D3","chunk_id":"cp93ce6o6y3h0","chunk_label":"res_lin_reg_2"},{"row":1535,"row_count":1,"visible":true,"expansion_state":0,"options":{"engine":"r","label":"spec_lin_reg_3"},"document_id":"F749A0D3","chunk_id":"cyfbzuhbjn71o","chunk_label":"spec_lin_reg_3"},{"row":1541,"row_count":1,"visible":true,"expansion_state":0,"options":{"engine":"r","label":"line_reg_tune_spec"},"document_id":"F749A0D3","chunk_id":"cmxlimcqq02be","chunk_label":"line_reg_tune_spec"},{"row":1553,"row_count":1,"visible":true,"expansion_state":0,"options":{"engine":"r","label":"line_reg_grid"},"document_id":"F749A0D3","chunk_id":"cf6bn00e5bw89","chunk_label":"line_reg_grid"},{"row":1565,"row_count":1,"visible":true,"expansion_state":0,"options":{"engine":"r","label":"workflow_lin_reg_3"},"document_id":"F749A0D3","chunk_id":"ckvetn0zl9cje","chunk_label":"workflow_lin_reg_3"},{"row":1580,"row_count":1,"visible":true,"expansion_state":0,"options":{"engine":"r","label":"res_lin_reg_3"},"document_id":"F749A0D3","chunk_id":"cwxt5sdt0jqwv","chunk_label":"res_lin_reg_3"},{"row":1587,"row_count":1,"visible":true,"expansion_state":0,"options":{"engine":"r","label":"lin_reg_best_5_hyperpara"},"document_id":"F749A0D3","chunk_id":"cdythb33nvor4","chunk_label":"lin_reg_best_5_hyperpara"},{"row":1595,"row_count":1,"visible":true,"expansion_state":0,"options":{"engine":"r","label":"lin_reg_best"},"document_id":"F749A0D3","chunk_id":"cae57bnwuuelp","chunk_label":"lin_reg_best"},{"row":1626,"row_count":1,"visible":true,"expansion_state":0,"options":{"engine":"r","label":"spec_neural_2"},"document_id":"F749A0D3","chunk_id":"c3jfg16foevm6","chunk_label":"spec_neural_2"},{"row":1636,"row_count":1,"visible":true,"expansion_state":0,"options":{"engine":"r","label":"workflow_neural_2"},"document_id":"F749A0D3","chunk_id":"cx35ljxghzzdp","chunk_label":"workflow_neural_2"},{"row":1648,"row_count":1,"visible":true,"expansion_state":0,"options":{"engine":"r","label":"res_neural_2"},"document_id":"F749A0D3","chunk_id":"c45acr3evyo3s","chunk_label":"res_neural_2"},{"row":1663,"row_count":1,"visible":true,"expansion_state":0,"options":{"engine":"r","label":"spec_neural_3"},"document_id":"F749A0D3","chunk_id":"cgj430fi0shgr","chunk_label":"spec_neural_3"},{"row":1669,"row_count":1,"visible":true,"expansion_state":0,"options":{"engine":"r","label":"neural_tune_spec"},"document_id":"F749A0D3","chunk_id":"cy36rw7gf8njq","chunk_label":"neural_tune_spec"},{"row":1683,"row_count":1,"visible":true,"expansion_state":0,"options":{"engine":"r","label":"neural_grid"},"document_id":"F749A0D3","chunk_id":"c580fe2i7s1jb","chunk_label":"neural_grid"},{"row":1695,"row_count":1,"visible":true,"expansion_state":0,"options":{"engine":"r","label":"workflow_neural_3"},"document_id":"F749A0D3","chunk_id":"c782eopdw8hpr","chunk_label":"workflow_neural_3"},{"row":1710,"row_count":1,"visible":true,"expansion_state":0,"options":{"engine":"r","label":"res_neural_3"},"document_id":"F749A0D3","chunk_id":"c87xpcq87p2n7","chunk_label":"res_neural_3"},{"row":1717,"row_count":1,"visible":true,"expansion_state":0,"options":{"engine":"r","label":"neural_best_5_hyperpara"},"document_id":"F749A0D3","chunk_id":"cf2lxyhsdpccb","chunk_label":"neural_best_5_hyperpara"},{"row":1725,"row_count":1,"visible":true,"expansion_state":0,"options":{"engine":"r","label":"neural_best"},"document_id":"F749A0D3","chunk_id":"cnm0pima80ba5","chunk_label":"neural_best"}],"doc_write_time":1681564119,"chunk_rendered_width":400}