"0","ggplot(df_explo, aes(math_score, avg_score, color=lunch, shape=test_prep))+"
"0","  geom_point()+"
"0","  facet_wrap(~ethnic_group)+"
"0","  labs(title = ""Students average performance in exams"", "
"0","       subtitle= ""By lunch type, ethnic_group and if test preparation was made"","
"0","       x = ""Average score in maths"","
"0","       y = ""Average score in exams"") +"
"0","  theme_minimal()+"
"0","  theme (text = element_text(size=8),"
"0","         legend.key.size = unit(5, ""mm""))"
