"0","set.seed(50)"
"0",""
"0","neural_res_1 <-"
"0","  neural_workflow_1 %>%"
"0","  fit_resamples("
"0","    resamples = cv_folds,"
"0","                control = control_resamples(save_pred = TRUE)"
"0","  )"
"2","→ [33m[1mA[22m[39m | [33mwarning[39m: [38;5;250mThere was 1 warning in `dplyr::summarise()`.[39m
               [38;5;250m[36mℹ[38;5;250m In argument: `.estimate = metric_fn(truth = avg_score, estimate = .pred, na_rm = na_rm)`.[39m
               Caused by warning:
               [33m![39m A correlation computation is required, but `estimate` is constant and has 0 standard deviation, resulting in a divide by 0 error. `NA` will be returned.
"
"2","There were issues with some computations   [1m[33mA[39m[22m: x1"
"2","There were issues with some computations   [1m[33mA[39m[22m: x2"
"2","There were issues with some computations   [1m[33mA[39m[22m: x2"
"2","
"
"0","neural_res_1 %>% collect_metrics(summarize = TRUE)"
