"0","glimpse (exams)"
"1","Rows: 1,000"
"1",""
"1","
"
"1","Columns: 8"
"1",""
"1","
"
"1","$ gender           [3m[38;5;246m<chr>[39m[23m ""female"", ""male"", ""female"", ""male"", ""female"",…
$ ethnic_group     [3m[38;5;246m<chr>[39m[23m ""group D"", ""group D"", ""group D"", ""group B"", ""…
$ parent_education [3m[38;5;246m<chr>[39m[23m ""some college"", ""associate's degree"", ""some c…
$ lunch            [3m[38;5;246m<chr>[39m[23m ""standard"", ""standard"", ""free/reduced"", ""free…
$ test_prep        [3m[38;5;246m<chr>[39m[23m ""completed"", ""none"", ""none"", ""none"", ""none"", …
$ math_score       [3m[38;5;246m<dbl>[39m[23m 59, 96, 57, 70, 83, 68, 82, 46, 80, 57, 74, 5…
$ reading_score    [3m[38;5;246m<dbl>[39m[23m 70, 93, 76, 70, 85, 57, 83, 61, 75, 69, 69, 5…
$ writing_score    [3m[38;5;246m<dbl>[39m[23m 78, 87, 77, 63, 86, 54, 80, 58, 73, 77, 69, 4…"
"1",""
"1","
"
