"0",""
"0","ggplot(df_explo, aes(x = fct_reorder("
"0","  parent_education, avg_score, .fun = median, .desc=TRUE), y=avg_score)) +"
"0","  geom_violin(fill=""lightblue"") +"
"0","  labs(title = ""Students average performance in exams"", "
"0","       subtitle= ""By parents education"","
"0","       x = ""Parent Education"","
"0","       y = ""Average score in exams"") +"
"0","  theme_minimal()+"
"0","  theme (text = element_text(size=8),"
"0","         legend.key.size = unit(5, ""mm""),"
"0","         axis.text.x = element_text(angle = 90))"
