{"chunk_definitions":[{"row":137,"row_count":1,"visible":true,"expansion_state":0,"options":{"engine":"r","label":"import_SQL_librarys"},"document_id":"13F12BCF","chunk_id":"c3rj5l73uc5rk","chunk_label":"import_SQL_librarys"},{"row":152,"row_count":1,"visible":true,"expansion_state":0,"options":{"engine":"r","label":"database_connection"},"document_id":"13F12BCF","chunk_id":"cb8b13486kzpr","chunk_label":"database_connection"},{"row":161,"row_count":1,"visible":true,"expansion_state":0,"options":{"engine":"sql","connection":"con","label":"unnamed-chunk-1"},"document_id":"13F12BCF","chunk_id":"cbe9pqreq1mvu","chunk_label":"unnamed-chunk-1"},{"row":172,"row_count":1,"visible":true,"expansion_state":0,"options":{"engine":"sql","connection":"con","label":"unnamed-chunk-2"},"document_id":"13F12BCF","chunk_id":"cwvsajxtard2j","chunk_label":"unnamed-chunk-2"},{"row":181,"row_count":1,"visible":true,"expansion_state":0,"options":{"engine":"sql","connection":"con","label":"unnamed-chunk-3"},"document_id":"13F12BCF","chunk_id":"czqmc486yq29m","chunk_label":"unnamed-chunk-3"},{"row":187,"row_count":1,"visible":true,"expansion_state":0,"options":{"engine":"sql","connection":"con","label":"unnamed-chunk-4"},"document_id":"13F12BCF","chunk_id":"ccdh6mcvtjo00","chunk_label":"unnamed-chunk-4"},{"row":192,"row_count":1,"visible":true,"expansion_state":0,"options":{"engine":"sql","connection":"con","label":"unnamed-chunk-5"},"document_id":"13F12BCF","chunk_id":"cs9vrz60b1ifu","chunk_label":"unnamed-chunk-5"},{"row":198,"row_count":1,"visible":true,"expansion_state":0,"options":{"engine":"sql","connection":"con","label":"unnamed-chunk-6"},"document_id":"13F12BCF","chunk_id":"cg7dc26u174s7","chunk_label":"unnamed-chunk-6"},{"row":203,"row_count":1,"visible":true,"expansion_state":0,"options":{"engine":"sql","connection":"con","label":"unnamed-chunk-7"},"document_id":"13F12BCF","chunk_id":"cogz4hgwqzwbk","chunk_label":"unnamed-chunk-7"},{"row":208,"row_count":1,"visible":true,"expansion_state":0,"options":{"engine":"sql","connection":"con","label":"unnamed-chunk-8"},"document_id":"13F12BCF","chunk_id":"cb68lrj029kcg","chunk_label":"unnamed-chunk-8"},{"row":215,"row_count":1,"visible":true,"expansion_state":0,"options":{"engine":"sql","connection":"con","label":"unnamed-chunk-9"},"document_id":"13F12BCF","chunk_id":"cixbz8597vse9","chunk_label":"unnamed-chunk-9"},{"row":223,"row_count":1,"visible":true,"expansion_state":0,"options":{"engine":"sql","connection":"con","label":"unnamed-chunk-10"},"document_id":"13F12BCF","chunk_id":"cyf47wdr693x2","chunk_label":"unnamed-chunk-10"},{"row":234,"row_count":1,"visible":true,"expansion_state":0,"options":{"engine":"sql","connection":"con","label":"unnamed-chunk-11"},"document_id":"13F12BCF","chunk_id":"cebz4lfy72y8d","chunk_label":"unnamed-chunk-11"},{"row":242,"row_count":1,"visible":true,"expansion_state":0,"options":{"engine":"sql","connection":"con","label":"unnamed-chunk-12"},"document_id":"13F12BCF","chunk_id":"c5b5dz8i3vpha","chunk_label":"unnamed-chunk-12"},{"row":250,"row_count":1,"visible":true,"expansion_state":0,"options":{"engine":"sql","connection":"con","label":"unnamed-chunk-13"},"document_id":"13F12BCF","chunk_id":"ca7ur7xw70mm0","chunk_label":"unnamed-chunk-13"},{"row":258,"row_count":1,"visible":true,"expansion_state":0,"options":{"engine":"sql","connection":"con","label":"unnamed-chunk-14"},"document_id":"13F12BCF","chunk_id":"ca6k5sypgl3t5","chunk_label":"unnamed-chunk-14"},{"row":267,"row_count":1,"visible":true,"expansion_state":0,"options":{"engine":"sql","connection":"con","label":"unnamed-chunk-15"},"document_id":"13F12BCF","chunk_id":"clj9bb7sfvz5p","chunk_label":"unnamed-chunk-15"},{"row":276,"row_count":1,"visible":true,"expansion_state":0,"options":{"engine":"sql","connection":"con","label":"unnamed-chunk-16"},"document_id":"13F12BCF","chunk_id":"chii8a626o2ez","chunk_label":"unnamed-chunk-16"},{"row":287,"row_count":1,"visible":true,"expansion_state":0,"options":{"engine":"sql","connection":"con","label":"unnamed-chunk-17"},"document_id":"13F12BCF","chunk_id":"czm44kfciv7mn","chunk_label":"unnamed-chunk-17"},{"row":297,"row_count":1,"visible":true,"expansion_state":0,"options":{"engine":"sql","connection":"con","label":"unnamed-chunk-18"},"document_id":"13F12BCF","chunk_id":"cp7oq6udck4o5","chunk_label":"unnamed-chunk-18"},{"row":307,"row_count":1,"visible":true,"expansion_state":0,"options":{"engine":"sql","connection":"con","label":"unnamed-chunk-19"},"document_id":"13F12BCF","chunk_id":"cpo4xtjdguenr","chunk_label":"unnamed-chunk-19"},{"row":318,"row_count":1,"visible":true,"expansion_state":0,"options":{"engine":"sql","connection":"con","label":"unnamed-chunk-20"},"document_id":"13F12BCF","chunk_id":"c02impy5ht0xm","chunk_label":"unnamed-chunk-20"},{"row":327,"row_count":1,"visible":true,"expansion_state":0,"options":{"engine":"sql","connection":"con","label":"unnamed-chunk-21"},"document_id":"13F12BCF","chunk_id":"cem434734wups","chunk_label":"unnamed-chunk-21"},{"row":338,"row_count":1,"visible":true,"expansion_state":0,"options":{"engine":"sql","connection":"con","label":"unnamed-chunk-22"},"document_id":"13F12BCF","chunk_id":"cedrcl76ue8w4","chunk_label":"unnamed-chunk-22"},{"row":349,"row_count":1,"visible":true,"expansion_state":0,"options":{"engine":"sql","connection":"con","label":"unnamed-chunk-23"},"document_id":"13F12BCF","chunk_id":"cjunld70sgx3x","chunk_label":"unnamed-chunk-23"},{"row":360,"row_count":1,"visible":true,"expansion_state":0,"options":{"engine":"sql","connection":"con","label":"unnamed-chunk-24"},"document_id":"13F12BCF","chunk_id":"cz6ffdt2v45no","chunk_label":"unnamed-chunk-24"},{"row":370,"row_count":1,"visible":true,"expansion_state":0,"options":{"engine":"sql","connection":"con","label":"unnamed-chunk-25"},"document_id":"13F12BCF","chunk_id":"cyg0wput0rmzn","chunk_label":"unnamed-chunk-25"},{"row":380,"row_count":1,"visible":true,"expansion_state":0,"options":{"engine":"sql","connection":"con","label":"unnamed-chunk-26"},"document_id":"13F12BCF","chunk_id":"c7tq2zd4ckfvm","chunk_label":"unnamed-chunk-26"},{"row":395,"row_count":1,"visible":true,"expansion_state":0,"options":{"engine":"sql","connection":"con","label":"unnamed-chunk-27"},"document_id":"13F12BCF","chunk_id":"c2bd3sw5qac0r","chunk_label":"unnamed-chunk-27"},{"row":415,"row_count":1,"visible":true,"expansion_state":0,"options":{"engine":"r","label":"read_csv"},"document_id":"13F12BCF","chunk_id":"c6fmhzflnyp4f","chunk_label":"read_csv"},{"row":427,"row_count":1,"visible":true,"expansion_state":0,"options":{"engine":"r","label":"first_rows"},"document_id":"13F12BCF","chunk_id":"cg2rjp1jnvkn7","chunk_label":"first_rows"},{"row":435,"row_count":1,"visible":true,"expansion_state":0,"options":{"engine":"r","label":"janitor"},"document_id":"13F12BCF","chunk_id":"ckuw0rdy8ca4s","chunk_label":"janitor"},{"row":443,"row_count":1,"visible":true,"expansion_state":0,"options":{"engine":"r","label":"rename_columns"},"document_id":"13F12BCF","chunk_id":"ca7hratfu074z","chunk_label":"rename_columns"},{"row":453,"row_count":1,"visible":true,"expansion_state":0,"options":{"engine":"r","label":"glimpse"},"document_id":"13F12BCF","chunk_id":"cal8w4xqavk2b","chunk_label":"glimpse"},{"row":460,"row_count":1,"visible":true,"expansion_state":0,"options":{"engine":"r","label":"missing_values_graphic"},"document_id":"13F12BCF","chunk_id":"ckpm9n45i72gr","chunk_label":"missing_values_graphic"},{"row":466,"row_count":1,"visible":true,"expansion_state":0,"options":{"engine":"r","label":"missing_values_num"},"document_id":"13F12BCF","chunk_id":"c0gj0vbhr5tma","chunk_label":"missing_values_num"},{"row":478,"row_count":1,"visible":true,"expansion_state":0,"options":{"engine":"r","label":"levels_gender"},"document_id":"13F12BCF","chunk_id":"co23v9effdo4q","chunk_label":"levels_gender"},{"row":484,"row_count":1,"visible":true,"expansion_state":0,"options":{"engine":"r","label":"levels_ethnic_group"},"document_id":"13F12BCF","chunk_id":"cw92chor81xyk","chunk_label":"levels_ethnic_group"},{"row":490,"row_count":1,"visible":true,"expansion_state":0,"options":{"engine":"r","label":"levels_parent_education"},"document_id":"13F12BCF","chunk_id":"csdjhms8v25vi","chunk_label":"levels_parent_education"},{"row":496,"row_count":1,"visible":true,"expansion_state":0,"options":{"engine":"r","label":"levels_lunch"},"document_id":"13F12BCF","chunk_id":"cb288iqgsk46f","chunk_label":"levels_lunch"},{"row":502,"row_count":1,"visible":true,"expansion_state":0,"options":{"engine":"r","label":"levels_test_prep"},"document_id":"13F12BCF","chunk_id":"cff2l9rdz0pg4","chunk_label":"levels_test_prep"},{"row":510,"row_count":1,"visible":true,"expansion_state":0,"options":{"engine":"r","label":"char_to_factor"},"document_id":"13F12BCF","chunk_id":"c9365jw7adwwo","chunk_label":"char_to_factor"},{"row":1100,"row_count":1,"visible":true,"expansion_state":0,"options":{"engine":"r","label":"validation_set"},"document_id":"13F12BCF","chunk_id":"cy192vh7jic2k","chunk_label":"validation_set"},{"row":1086,"row_count":1,"visible":true,"expansion_state":0,"options":{"engine":"r","label":"juice"},"document_id":"13F12BCF","chunk_id":"c7vk5f3il5qhm","chunk_label":"juice"},{"row":1073,"row_count":1,"visible":true,"expansion_state":0,"options":{"engine":"r","label":"summary_recipe"},"document_id":"13F12BCF","chunk_id":"cavgwa1k0d3y7","chunk_label":"summary_recipe"},{"row":1065,"row_count":1,"visible":true,"expansion_state":0,"options":{"engine":"r","label":"pipeline"},"document_id":"13F12BCF","chunk_id":"cigcgqdgwpp7r","chunk_label":"pipeline"},{"row":1052,"row_count":1,"visible":true,"expansion_state":0,"options":{"engine":"r","label":"get_tidy_outliers"},"document_id":"13F12BCF","chunk_id":"c7jjs7jeokea3","chunk_label":"get_tidy_outliers"},{"row":1171,"row_count":1,"visible":true,"expansion_state":0,"options":{"engine":"r","label":"spec_xgboost_1"},"document_id":"13F12BCF","chunk_id":"cr4gizpf35qfl","chunk_label":"spec_xgboost_1"},{"row":1181,"row_count":1,"visible":true,"expansion_state":0,"options":{"engine":"r","label":"workflow_xboost_1"},"document_id":"13F12BCF","chunk_id":"cvdy5kj5tzx2s","chunk_label":"workflow_xboost_1"},{"row":1194,"row_count":1,"visible":true,"expansion_state":0,"options":{"engine":"r","label":"spec_lin_reg_1"},"document_id":"13F12BCF","chunk_id":"ck5afqmc74sq7","chunk_label":"spec_lin_reg_1"},{"row":1204,"row_count":1,"visible":true,"expansion_state":0,"options":{"engine":"r","label":"workflow_lin_reg_1"},"document_id":"13F12BCF","chunk_id":"cz9nroryvdgrb","chunk_label":"workflow_lin_reg_1"},{"row":1216,"row_count":1,"visible":true,"expansion_state":0,"options":{"engine":"r","label":"spec_neural_1"},"document_id":"13F12BCF","chunk_id":"cfy84yhdvo92r","chunk_label":"spec_neural_1"},{"row":1001,"row_count":1,"visible":true,"expansion_state":0,"options":{"engine":"r","label":"outlier_detection"},"document_id":"13F12BCF","chunk_id":"c48ht6hb2exao","chunk_label":"outlier_detection"},{"row":1226,"row_count":1,"visible":true,"expansion_state":0,"options":{"engine":"r","label":"workflow_neural_1"},"document_id":"13F12BCF","chunk_id":"cflyofsocgbao","chunk_label":"workflow_neural_1"},{"row":983,"row_count":1,"visible":true,"expansion_state":0,"options":{"engine":"r","label":"missing_values_data"},"document_id":"13F12BCF","chunk_id":"cvsn7m4mpjlpp","chunk_label":"missing_values_data"},{"row":1242,"row_count":1,"visible":true,"expansion_state":0,"options":{"engine":"r","label":"res_xgboost_1"},"document_id":"13F12BCF","chunk_id":"cd2i9fulr6of7","chunk_label":"res_xgboost_1"},{"row":1248,"row_count":1,"visible":true,"expansion_state":0,"options":{"engine":"r","label":"res_xgboost_cv"},"document_id":"13F12BCF","chunk_id":"c41ijwgzl728f","chunk_label":"res_xgboost_cv"},{"row":968,"row_count":1,"visible":true,"expansion_state":0,"options":{"engine":"r","label":"visual_inspection"},"document_id":"13F12BCF","chunk_id":"cb3zyvqujaqut","chunk_label":"visual_inspection"},{"row":1267,"row_count":1,"visible":true,"expansion_state":0,"options":{"engine":"r","label":"plot_xgboost_res_1"},"document_id":"13F12BCF","chunk_id":"cahgvlp280beq","chunk_label":"plot_xgboost_res_1"},{"row":955,"row_count":1,"visible":true,"expansion_state":0,"options":{"engine":"r","label":"correlation_numbers"},"document_id":"13F12BCF","chunk_id":"cx44yhtsijjx0","chunk_label":"correlation_numbers"},{"row":1284,"row_count":1,"visible":true,"expansion_state":0,"options":{"engine":"r","label":"res_lin_reg_1"},"document_id":"13F12BCF","chunk_id":"cux7466y3sfhi","chunk_label":"res_lin_reg_1"},{"row":936,"row_count":1,"visible":true,"expansion_state":0,"options":{"engine":"r","label":"correlations"},"document_id":"13F12BCF","chunk_id":"cuf2dr9np4ip1","chunk_label":"correlations"},{"row":1290,"row_count":1,"visible":true,"expansion_state":0,"options":{"engine":"r","label":"res_lin_reg_cv"},"document_id":"13F12BCF","chunk_id":"cinxtoskzks0h","chunk_label":"res_lin_reg_cv"},{"row":926,"row_count":1,"visible":true,"expansion_state":0,"options":{"engine":"r","label":"impact_avg_score_scatter"},"document_id":"13F12BCF","chunk_id":"cfa162zorzfnk","chunk_label":"impact_avg_score_scatter"},{"row":1309,"row_count":1,"visible":true,"expansion_state":0,"options":{"engine":"r","label":"plot_lin_reg_res_1"},"document_id":"13F12BCF","chunk_id":"c7lfctmdubpc2","chunk_label":"plot_lin_reg_res_1"},{"row":909,"row_count":1,"visible":true,"expansion_state":0,"options":{"engine":"r","label":"math_avg_score_scatter"},"document_id":"13F12BCF","chunk_id":"c825hk2kp7ccn","chunk_label":"math_avg_score_scatter"},{"row":1325,"row_count":1,"visible":true,"expansion_state":0,"options":{"engine":"r","label":"res_neural_1"},"document_id":"13F12BCF","chunk_id":"c7fydfi0vrp3s","chunk_label":"res_neural_1"},{"row":1331,"row_count":1,"visible":true,"expansion_state":0,"options":{"engine":"r","label":"res_neural_cv"},"document_id":"13F12BCF","chunk_id":"cpsnwzbhegc9o","chunk_label":"res_neural_cv"},{"row":1350,"row_count":1,"visible":true,"expansion_state":0,"options":{"engine":"r","label":"plot_neural_res_1"},"document_id":"13F12BCF","chunk_id":"co5inhfc8vdf4","chunk_label":"plot_neural_res_1"},{"row":887,"row_count":1,"visible":true,"expansion_state":0,"options":{"engine":"r","label":"lunch_test_prep_on_avg_score_dense"},"document_id":"13F12BCF","chunk_id":"cs18idciay45i","chunk_label":"lunch_test_prep_on_avg_score_dense"},{"row":865,"row_count":1,"visible":true,"expansion_state":0,"options":{"engine":"r","label":"avg_score_parent_edu_violin_plot"},"document_id":"13F12BCF","chunk_id":"cf7roe1z85qbn","chunk_label":"avg_score_parent_edu_violin_plot"},{"row":844,"row_count":1,"visible":true,"expansion_state":0,"options":{"engine":"r","label":"avg_score_ethnic_group_box_plot"},"document_id":"13F12BCF","chunk_id":"c0lfgtfq5d4g4","chunk_label":"avg_score_ethnic_group_box_plot"},{"row":824,"row_count":1,"visible":true,"expansion_state":0,"options":{"engine":"r","label":"avg_score_gender_histogram2"},"document_id":"13F12BCF","chunk_id":"ck0lm2gttg7aa","chunk_label":"avg_score_gender_histogram2"},{"row":808,"row_count":1,"visible":true,"expansion_state":0,"options":{"engine":"r","label":"avg_score_gender_histogram"},"document_id":"13F12BCF","chunk_id":"cdhctnorcz6yf","chunk_label":"avg_score_gender_histogram"},{"row":779,"row_count":1,"visible":true,"expansion_state":0,"options":{"engine":"r","label":"cat_features_bar_plot"},"document_id":"13F12BCF","chunk_id":"cxajyeo57xl4q","chunk_label":"cat_features_bar_plot"},{"row":760,"row_count":1,"visible":true,"expansion_state":0,"options":{"engine":"r","label":"dense_plot_avg_score"},"document_id":"13F12BCF","chunk_id":"ciz3nsd3di7fe","chunk_label":"dense_plot_avg_score"},{"row":735,"row_count":1,"visible":true,"expansion_state":0,"options":{"engine":"r","label":"avg_score_test_prep"},"document_id":"13F12BCF","chunk_id":"c1hmc4qjm1339","chunk_label":"avg_score_test_prep"},{"row":718,"row_count":1,"visible":true,"expansion_state":0,"options":{"engine":"r","label":"avg_score_lunch"},"document_id":"13F12BCF","chunk_id":"cliqnmy0qfl1v","chunk_label":"avg_score_lunch"},{"row":681,"row_count":1,"visible":true,"expansion_state":0,"options":{"engine":"r","label":"avg_score_parent_education"},"document_id":"13F12BCF","chunk_id":"cbdw7hxphwuc5","chunk_label":"avg_score_parent_education"},{"row":664,"row_count":1,"visible":true,"expansion_state":0,"options":{"engine":"r","label":"avg_score_ethic_group"},"document_id":"13F12BCF","chunk_id":"cnfiurmumeoiq","chunk_label":"avg_score_ethic_group"},{"row":647,"row_count":1,"visible":true,"expansion_state":0,"options":{"engine":"r","label":"avg_score_gender"},"document_id":"13F12BCF","chunk_id":"cxwkixubomcxx","chunk_label":"avg_score_gender"},{"row":626,"row_count":1,"visible":true,"expansion_state":0,"options":{"engine":"r","label":"avg_score_statistics"},"document_id":"13F12BCF","chunk_id":"c5t2ahrvhhnlt","chunk_label":"avg_score_statistics"},{"row":604,"row_count":1,"visible":true,"expansion_state":0,"options":{"engine":"r","label":"exploration_dataframe"},"document_id":"13F12BCF","chunk_id":"cleeygp7d8wwg","chunk_label":"exploration_dataframe"},{"row":592,"row_count":1,"visible":true,"expansion_state":0,"options":{"engine":"r","label":"train_test_split"},"document_id":"13F12BCF","chunk_id":"cfq83fpxmw1nd","chunk_label":"train_test_split"},{"row":570,"row_count":1,"visible":true,"expansion_state":0,"options":{"engine":"r","label":"bins_target_variable"},"document_id":"13F12BCF","chunk_id":"cvbwtl0gu3v5h","chunk_label":"bins_target_variable"},{"row":555,"row_count":1,"visible":true,"expansion_state":0,"options":{"engine":"r","label":"outcome_and_features"},"document_id":"13F12BCF","chunk_id":"cz74cz5kdfinx","chunk_label":"outcome_and_features"},{"row":530,"row_count":1,"visible":true,"expansion_state":0,"options":{"engine":"r","label":"skimr"},"document_id":"13F12BCF","chunk_id":"chcmvloaldblb","chunk_label":"skimr"},{"row":519,"row_count":1,"visible":true,"expansion_state":0,"options":{"engine":"r","label":"new_column_avg_score"},"document_id":"13F12BCF","chunk_id":"cru8nvblemfub","chunk_label":"new_column_avg_score"}],"doc_write_time":1682776246,"chunk_rendered_width":661}